"","Id","MSSubClass","MSZoning","LotFrontage","LotArea","Alley","LotShape","LandContour","LotConfig","LandSlope","Neighborhood","Condition1","BldgType","HouseStyle","OverallQual","OverallCond","YearBuilt","YearRemodAdd","RoofStyle","Exterior1st","Exterior2nd","MasVnrType","MasVnrArea","ExterQual","ExterCond","Foundation","BsmtQual","BsmtCond","BsmtExposure","BsmtFinType1","BsmtFinSF1","BsmtFinType2","BsmtFinSF2","BsmtUnfSF","TotalBsmtSF","Heating","HeatingQC","CentralAir","Electrical","X1stFlrSF","X2ndFlrSF","LowQualFinSF","GrLivArea","BsmtFullBath","BsmtHalfBath","FullBath","HalfBath","BedroomAbvGr","KitchenAbvGr","KitchenQual","TotRmsAbvGrd","Functional","Fireplaces","FireplaceQu","GarageType","GarageYrBlt","GarageFinish","GarageCars","GarageArea","GarageQual","GarageCond","PavedDrive","WoodDeckSF","OpenPorchSF","EncPorchSF","PoolArea","PoolQC","Fence","MiscFeature","MiscVal","MoSold","YrSold","SaleType"
"1",1,"60","RL",65,8450,NA,"Reg","Lvl","Inside","Gtl","CollgCr","Norm","1Fam","2Story",7,5,2003,2003,"Gable","VinylSd","VinylSd","BrkFace",196,"AboveAvg","Avg","PConc","AboveAvg","Avg","No","GLQ",706,"Unf",0,150,856,"GasA","AboveAvg","Y","SBrkr",856,854,0,1710,1,0,2,1,3,1,"AboveAvg",8,"Typ",0,NA,"Attchd",2003,"RFn",2,548,"Avg","Avg","Y",0,61,0,0,NA,NA,NA,0,2,2008,"WD"
"2",2,"20","RL",NA,11241,NA,"IR1","Lvl","CulDSac","Gtl","NAmes","Norm","1Fam","1Story",6,7,1970,1970,"Gable","Wd Sdng","Wd Sdng","BrkFace",180,"Avg","Avg","CBlock","Avg","Avg","No","ALQ",578,"Unf",0,426,1004,"GasA","AboveAvg","Y","SBrkr",1004,0,0,1004,1,0,1,0,2,1,"Avg",5,"Typ",1,"Avg","Attchd",1970,"Fin",2,480,"Avg","Avg","Y",0,0,0,0,NA,NA,"Shed",700,3,2010,"WD"
"3",3,"20","RL",98,11478,NA,"Reg","Lvl","Inside","Gtl","NridgHt","Norm","1Fam","1Story",8,5,2007,2008,"Gable","VinylSd","VinylSd","Stone",200,"AboveAvg","Avg","PConc","AboveAvg","Avg","No","GLQ",1218,"Unf",0,486,1704,"GasA","AboveAvg","Y","SBrkr",1704,0,0,1704,1,0,2,0,3,1,"AboveAvg",7,"Typ",1,"AboveAvg","Attchd",2008,"RFn",3,772,"Avg","Avg","Y",0,50,0,0,NA,NA,NA,0,5,2010,"WD"
"4",4,"50","RM",52,6240,NA,"Reg","Lvl","Inside","Gtl","BrkSide","Norm","1Fam","1.5Fin",6,6,1934,1950,"Gable","Wd Sdng","Wd Sdng","None",0,"Avg","Avg","PConc","Avg","Avg","No","Unf",0,"Unf",0,816,816,"GasA","Avg","Y","SBrkr",816,0,360,1176,0,0,1,0,3,1,"Avg",6,"Typ",1,"AboveAvg","Detchd",1985,"Unf",2,528,"Avg","Avg","Y",112,0,0,0,NA,"MnPrv","Shed",400,9,2006,"WD"
"5",5,"80","RL",60,7134,NA,"Reg","Bnk","Inside","Mod","NAmes","Norm","1Fam","SLvl",5,5,1955,1955,"Gable","MetalSd","MetalSd","None",0,"Avg","Avg","CBlock","Avg","Avg","No","ALQ",384,"Unf",0,0,384,"GasA","Avg","Y","SBrkr",1360,0,0,1360,0,0,1,0,3,1,"Avg",6,"Min1",1,"Avg","Detchd",1962,"Unf",2,572,"Avg","Avg","Y",0,50,0,0,NA,"MnPrv",NA,0,2,2007,"WD"
"6",6,"160","RM",21,1596,NA,"Reg","Lvl","Inside","Gtl","other","Norm","Twnhs","SLvl",4,5,1973,1973,"Gable","CemntBd","CmentBd","None",0,"Avg","Avg","CBlock","AboveAvg","Avg","Gd","GLQ",462,"Unf",0,0,462,"GasA","Avg","Y","SBrkr",526,462,0,988,1,0,1,0,2,1,"Avg",5,"Typ",0,NA,"BuiltIn",1973,"Unf",1,297,"Avg","Avg","Y",120,101,0,0,NA,"GdWo",NA,0,11,2009,"WD"
"7",7,"20","RL",78,10206,NA,"Reg","Lvl","Inside","Gtl","Somerst","Norm","1Fam","1Story",8,5,2007,2007,"Gable","VinylSd","VinylSd","Stone",468,"Avg","Avg","PConc","AboveAvg","Avg","No","GLQ",33,"Unf",0,1530,1563,"GasA","AboveAvg","Y","SBrkr",1563,0,0,1563,0,0,2,0,3,1,"AboveAvg",6,"Typ",1,"AboveAvg","Attchd",2007,"RFn",3,758,"Avg","Avg","Y",144,99,0,0,NA,NA,NA,0,10,2008,"WD"
"8",8,"20","RL",80,8892,NA,"IR1","Lvl","Inside","Gtl","NAmes","Norm","1Fam","1Story",5,5,1960,1960,"Gable","MetalSd","MetalSd","BrkCmn",66,"Avg","Avg","CBlock","Avg","Avg","No","Unf",0,"Unf",0,1065,1065,"GasA","AboveAvg","Y","SBrkr",1065,0,0,1065,0,0,1,1,3,1,"Avg",6,"Typ",0,NA,"Detchd",1974,"Unf",2,461,"Avg","Avg","Y",74,0,0,0,NA,NA,NA,0,7,2007,"other"
"9",9,"60","RL",69,9337,NA,"IR1","Lvl","Inside","Gtl","CollgCr","Norm","1Fam","2Story",6,5,1997,1997,"Gable","VinylSd","VinylSd","None",0,"Avg","AboveAvg","PConc","AboveAvg","Avg","No","GLQ",648,"Unf",0,176,824,"GasA","AboveAvg","Y","SBrkr",905,881,0,1786,1,0,2,1,3,1,"AboveAvg",7,"Typ",0,NA,"Attchd",1997,"RFn",2,684,"Avg","Avg","Y",0,162,0,0,NA,NA,NA,0,5,2007,"WD"
"10",10,"50","RM",NA,7758,NA,"Reg","Lvl","Corner","Gtl","IDOTRR","Norm","1Fam","1.5Fin",7,4,1931,1950,"Gable","other","other","BrkFace",600,"Avg","BelowAvg","PConc","Avg","Avg","No","LwQ",224,"Unf",0,816,1040,"GasA","AboveAvg","Y","FuseF",1226,592,0,1818,0,0,1,1,4,1,"Avg",7,"Typ",2,"Avg","Detchd",1951,"Unf",1,240,"Avg","Avg","Y",0,0,184,0,NA,NA,NA,0,6,2007,"WD"
"11",11,"50","RL",75,9525,NA,"Reg","Lvl","Inside","Gtl","Edwards","Norm","1Fam","1.5Fin",6,4,1954,1972,"Gable","Wd Sdng","Wd Sdng","None",0,"Avg","Avg","CBlock","Avg","BelowAvg","No","Rec",444,"Unf",0,550,994,"GasA","AboveAvg","Y","SBrkr",1216,639,0,1855,0,0,2,0,4,1,"Avg",7,"Typ",0,NA,"Attchd",1954,"Unf",1,325,"Avg","Avg","Y",182,0,0,0,NA,NA,NA,0,10,2006,"WD"
"12",12,"60","RL",90,12376,NA,"Reg","Lvl","Corner","Gtl","SawyerW","Norm","1Fam","2Story",7,5,1990,1990,"Hip","Plywood","Plywood","None",0,"Avg","Avg","PConc","AboveAvg","Avg","Mn","GLQ",1470,"Unf",0,203,1673,"GasA","AboveAvg","Y","SBrkr",1699,1523,0,3222,1,0,3,0,5,1,"AboveAvg",11,"Typ",2,"Avg","Attchd",1990,"Unf",3,594,"Avg","Avg","Y",367,0,0,0,NA,NA,NA,0,5,2010,"WD"
"13",13,"50","RM",50,6060,NA,"Reg","Lvl","Inside","Gtl","IDOTRR","Norm","1Fam","1.5Fin",4,5,1939,1950,"Gable","other","other","None",0,"Avg","Avg","PConc","Avg","Avg","No","Unf",0,"Unf",0,732,732,"GasA","AboveAvg","Y","SBrkr",772,351,0,1123,0,0,1,0,3,1,"Avg",4,"Typ",0,NA,"Detchd",1979,"Unf",1,264,"Avg","Avg","P",0,0,140,0,NA,"MnPrv",NA,0,6,2007,"WD"
"14",14,"20","RL",75,9464,NA,"Reg","Lvl","Corner","Gtl","NAmes","Norm","1Fam","1Story",6,7,1958,1958,"Hip","MetalSd","MetalSd","BrkFace",135,"Avg","AboveAvg","CBlock","Avg","Avg","No","BLQ",570,"Unf",0,510,1080,"GasA","AboveAvg","Y","SBrkr",1080,0,0,1080,0,0,1,0,3,1,"Avg",5,"Typ",0,NA,"Attchd",1958,"Unf",1,288,"Avg","Avg","Y",0,0,130,0,NA,NA,NA,0,6,2008,"WD"
"15",15,"190","RM",60,6780,NA,"Reg","Lvl","Inside","Gtl","IDOTRR","Norm","2fmCon","1.5Fin",6,8,1935,1982,"Gable","Wd Sdng","Wd Sdng","None",0,"Avg","BelowAvg","CBlock","Avg","Avg","Av","GLQ",490,"Unf",0,30,520,"GasA","AboveAvg","N","SBrkr",520,0,234,754,1,0,1,0,2,1,"Avg",5,"Typ",0,NA,NA,NA,NA,0,0,NA,NA,"N",53,0,0,0,NA,NA,NA,0,6,2006,"WD"
"16",16,"50","RL",71,8520,NA,"Reg","Lvl","Corner","Gtl","NAmes","Artery","1Fam","1.5Fin",5,4,1952,1952,"Gable","BrkFace","Wd Sdng","None",0,"Avg","BelowAvg","CBlock","Avg","Avg","No","Rec",507,"Unf",0,403,910,"GasA","BelowAvg","Y","SBrkr",910,475,0,1385,0,0,2,0,4,1,"Avg",6,"Typ",0,NA,"Detchd",2000,"Unf",2,720,"Avg","Avg","Y",0,0,0,0,NA,"MnPrv",NA,0,6,2010,"WD"
"17",17,"20","RL",120,10356,NA,"Reg","Lvl","Corner","Gtl","CollgCr","Norm","1Fam","1Story",5,6,1975,1975,"Gable","HdBoard","HdBoard","None",0,"Avg","Avg","CBlock","Avg","Avg","Av","BLQ",716,"Unf",0,253,969,"GasA","Avg","Y","SBrkr",969,0,0,969,0,0,1,1,3,1,"Avg",5,"Typ",0,NA,"Attchd",1975,"Unf",2,440,"Avg","Avg","Y",0,0,0,0,NA,"MnPrv",NA,0,1,2007,"WD"
"18",18,"60","RL",110,13688,NA,"IR1","Lvl","Inside","Gtl","NridgHt","Norm","1Fam","2Story",9,5,2003,2004,"Gable","VinylSd","VinylSd","BrkFace",664,"AboveAvg","Avg","PConc","AboveAvg","Avg","Av","GLQ",1016,"Unf",0,556,1572,"GasA","AboveAvg","Y","SBrkr",1572,1096,0,2668,1,0,2,1,3,1,"AboveAvg",10,"Typ",2,"AboveAvg","BuiltIn",2003,"Fin",3,726,"Avg","Avg","Y",400,0,0,0,NA,NA,NA,0,3,2008,"WD"
"19",19,"45","RL",55,5500,NA,"Reg","Lvl","Inside","Gtl","OldTown","Norm","1Fam","1.5Unf",4,6,1956,1956,"Gable","MetalSd","MetalSd","None",0,"Avg","Avg","CBlock","Avg","Avg","No","Unf",0,"Unf",0,882,882,"GasA","AboveAvg","Y","SBrkr",882,0,0,882,0,0,1,0,1,1,"Avg",4,"Typ",0,NA,NA,NA,NA,0,0,NA,NA,"Y",0,0,0,0,NA,"MnPrv",NA,0,4,2007,"WD"
"20",20,"20","RL",NA,16669,NA,"IR1","Lvl","Corner","Gtl","Timber","Norm","1Fam","1Story",8,6,1981,1981,"Hip","Plywood","Plywood","BrkFace",653,"AboveAvg","Avg","CBlock","AboveAvg","Avg","No","Unf",0,"Unf",0,1686,1686,"GasA","Avg","Y","SBrkr",1707,0,0,1707,0,0,2,1,2,1,"Avg",6,"Typ",1,"Avg","Attchd",1981,"RFn",2,511,"Avg","Avg","Y",574,64,0,0,NA,NA,NA,0,1,2006,"WD"
"21",21,"20","RL",80,10197,NA,"IR1","Lvl","Inside","Gtl","NAmes","Norm","1Fam","1Story",6,5,1961,1961,"Gable","other","Wd Shng","BrkCmn",491,"Avg","Avg","CBlock","Avg","Avg","No","ALQ",288,"Rec",374,700,1362,"GasA","Avg","Y","SBrkr",1362,0,0,1362,1,0,1,1,3,1,"Avg",6,"Typ",1,"Avg","Attchd",1961,"Unf",2,504,"Avg","Avg","Y",0,20,0,0,NA,NA,NA,0,6,2008,"other"
"22",22,"50","RL",NA,13650,NA,"Reg","Lvl","Inside","Gtl","Sawyer","Norm","1Fam","1.5Fin",5,5,1958,1958,"Gable","MetalSd","MetalSd","None",0,"AboveAvg","AboveAvg","CBlock","Avg","Avg","No","ALQ",57,"BLQ",441,554,1052,"GasA","AboveAvg","Y","SBrkr",1252,668,0,1920,1,0,2,0,4,1,"AboveAvg",8,"Typ",1,"AboveAvg","Attchd",1958,"Unf",2,451,"Avg","Avg","Y",0,0,0,0,NA,NA,NA,0,7,2006,"WD"
"23",23,"30","RM",60,8520,NA,"Reg","Lvl","Inside","Gtl","OldTown","Norm","1Fam","1Story",5,6,1923,2006,"Gable","Wd Sdng","Wd Sdng","None",0,"AboveAvg","Avg","CBlock","Avg","Avg","No","Unf",0,"Unf",0,968,968,"GasA","Avg","Y","SBrkr",968,0,0,968,0,0,1,0,2,1,"Avg",5,"Typ",0,NA,"Detchd",1935,"Unf",2,480,"BelowAvg","Avg","N",0,0,184,0,NA,NA,NA,0,7,2007,"WD"
"24",24,"75","RM",90,22950,NA,"IR2","Lvl","Inside","Gtl","OldTown","Artery","1Fam","2.5Fin",10,9,1892,1993,"Gable","Wd Sdng","Wd Sdng","None",0,"AboveAvg","AboveAvg","BrkTil","Avg","Avg","Mn","Unf",0,"Unf",0,1107,1107,"GasA","AboveAvg","Y","SBrkr",1518,1518,572,3608,0,0,2,1,4,1,"AboveAvg",12,"Typ",2,"Avg","Detchd",1993,"Unf",3,840,"AboveAvg","Avg","Y",0,260,410,0,NA,"GdPrv",NA,0,6,2006,"WD"
"25",25,"50","RL",60,10410,NA,"Reg","Lvl","Inside","Gtl","OldTown","Norm","1Fam","1.5Fin",5,7,1916,1987,"Gable","HdBoard","HdBoard","None",0,"Avg","Avg","CBlock","BelowAvg","Avg","No","Unf",0,"Unf",0,660,660,"GasA","AboveAvg","Y","SBrkr",808,704,144,1656,0,0,2,1,3,1,"Avg",8,"Min2",0,NA,"Detchd",1916,"Unf",1,180,"BelowAvg","BelowAvg","N",0,0,140,0,NA,"MnPrv",NA,0,8,2009,"WD"
"26",26,"20","RL",68,9017,NA,"IR1","Lvl","Inside","Gtl","CollgCr","Norm","1Fam","1Story",7,5,1999,1999,"Gable","VinylSd","VinylSd","None",0,"AboveAvg","Avg","PConc","AboveAvg","Avg","Av","GLQ",560,"Unf",0,871,1431,"GasA","AboveAvg","Y","SBrkr",1431,0,0,1431,1,0,2,0,3,1,"AboveAvg",6,"Typ",0,NA,"Attchd",1999,"Fin",2,666,"Avg","Avg","Y",0,35,0,0,NA,NA,NA,0,9,2009,"WD"
"27",27,"20","RL",103,13472,NA,"Reg","Lvl","Inside","Gtl","NridgHt","Norm","1Fam","1Story",10,5,2003,2003,"Hip","VinylSd","VinylSd","BrkFace",922,"AboveAvg","Avg","PConc","AboveAvg","Avg","Gd","GLQ",56,"Unf",0,2336,2392,"GasA","AboveAvg","Y","SBrkr",2392,0,0,2392,0,0,2,0,3,1,"AboveAvg",8,"Typ",1,"AboveAvg","Attchd",2003,"Fin",3,968,"Avg","Avg","Y",248,105,0,0,NA,NA,NA,0,6,2009,"WD"
"28",28,"160","RM",21,1869,NA,"Reg","Lvl","Inside","Gtl","other","Norm","Twnhs","2Story",6,6,1970,1970,"Gable","HdBoard","HdBoard","BrkFace",127,"Avg","Avg","CBlock","Avg","Avg","No","Rec",321,"Unf",0,162,483,"GasA","Avg","Y","SBrkr",483,504,0,987,0,0,1,1,2,1,"Avg",5,"Typ",0,NA,"Detchd",1987,"Unf",1,280,"Avg","Avg","Y",0,0,0,0,NA,NA,NA,0,9,2008,"WD"
"29",29,"20","RL",75,10650,NA,"Reg","Lvl","Corner","Gtl","CollgCr","Norm","1Fam","1Story",5,6,1976,1976,"Gable","HdBoard","HdBoard","None",0,"Avg","Avg","CBlock","Avg","AboveAvg","Av","LwQ",182,"ALQ",712,0,894,"GasA","Avg","Y","SBrkr",894,0,0,894,1,0,1,0,3,1,"Avg",5,"Typ",0,NA,"Attchd",1976,"Unf",1,308,"Avg","Avg","Y",365,0,0,0,NA,"MnPrv",NA,0,2,2010,"WD"
"30",30,"20","FV",75,9000,NA,"Reg","Lvl","Inside","Gtl","Somerst","Norm","1Fam","1Story",8,5,2008,2008,"Gable","VinylSd","VinylSd","Stone",36,"AboveAvg","Avg","PConc","AboveAvg","Avg","Av","GLQ",1078,"Unf",0,488,1566,"GasA","AboveAvg","Y","SBrkr",1566,0,0,1566,1,0,2,0,3,1,"AboveAvg",7,"Typ",0,NA,"Attchd",2008,"RFn",2,750,"Avg","Avg","Y",144,168,0,0,NA,NA,NA,0,4,2010,"WD"
"31",31,"60","RL",66,8738,NA,"IR1","Lvl","Inside","Gtl","Gilbert","Norm","1Fam","2Story",7,5,1999,1999,"Gable","VinylSd","VinylSd","BrkFace",302,"AboveAvg","Avg","PConc","AboveAvg","Avg","No","Unf",0,"Unf",0,975,975,"GasA","AboveAvg","Y","SBrkr",1005,1286,0,2291,0,0,2,1,4,1,"AboveAvg",8,"Typ",1,"Avg","BuiltIn",1999,"Fin",2,429,"Avg","Avg","Y",192,0,0,0,NA,NA,NA,0,2,2006,"WD"
"32",32,"20","RL",78,12090,NA,"IR1","Lvl","Inside","Gtl","NWAmes","Norm","1Fam","1Story",6,6,1981,1981,"Gable","MetalSd","MetalSd","BrkFace",210,"Avg","AboveAvg","CBlock","AboveAvg","Avg","No","GLQ",588,"LwQ",228,606,1422,"GasA","Avg","Y","SBrkr",1422,0,0,1422,0,0,2,0,3,1,"AboveAvg",7,"Typ",1,"Avg","Attchd",1981,"Fin",2,576,"Avg","Avg","Y",276,0,0,0,NA,"GdPrv",NA,0,6,2008,"WD"
"33",33,"60","RL",70,11207,NA,"IR1","HLS","other","Gtl","Gilbert","Norm","1Fam","2Story",6,5,1997,1997,"Gable","VinylSd","VinylSd","None",0,"Avg","Avg","PConc","AboveAvg","Avg","Av","GLQ",714,"Unf",0,88,802,"GasA","AboveAvg","Y","SBrkr",802,709,0,1511,1,0,2,1,3,1,"Avg",8,"Typ",1,"Avg","Attchd",1997,"Fin",2,413,"Avg","Avg","Y",95,75,0,0,NA,NA,NA,0,6,2006,"WD"
"34",34,"20","RL",76,8314,NA,"Reg","Lvl","Corner","Gtl","Mitchel","Norm","1Fam","1Story",5,7,1982,1982,"Gable","HdBoard","other","None",0,"Avg","Avg","CBlock","Avg","Avg","Gd","ALQ",546,"Unf",0,270,816,"GasA","Avg","Y","SBrkr",816,0,0,816,0,0,1,0,2,1,"Avg",5,"Typ",0,NA,"Attchd",1982,"Unf",1,264,"Avg","Avg","Y",168,0,0,0,NA,NA,NA,0,6,2007,"WD"
"35",35,"20","RL",129,9196,NA,"IR1","Lvl","Inside","Gtl","Mitchel","Norm","1Fam","1Story",7,5,2003,2003,"Gable","VinylSd","VinylSd","None",0,"AboveAvg","Avg","PConc","AboveAvg","Avg","No","Unf",0,"Unf",0,1560,1560,"GasA","AboveAvg","Y","SBrkr",1560,0,0,1560,0,0,2,0,3,1,"AboveAvg",7,"Typ",0,NA,"Attchd",2003,"Fin",2,573,"Avg","Avg","Y",100,150,0,0,NA,NA,NA,0,4,2010,"WD"
"36",36,"50","RL",77,9786,NA,"IR1","Bnk","Inside","Gtl","NAmes","Norm","1Fam","1.5Fin",6,7,1962,1981,"Gable","Wd Sdng","Wd Sdng","None",0,"Avg","Avg","CBlock","Avg","Avg","No","Rec",600,"Unf",0,312,912,"GasA","Avg","Y","SBrkr",1085,649,0,1734,0,0,1,1,3,1,"AboveAvg",7,"Typ",1,"AboveAvg","Attchd",1962,"RFn",2,440,"Avg","Avg","Y",0,0,128,0,NA,"GdPrv",NA,0,6,2006,"WD"
"37",37,"20","RL",NA,9819,NA,"IR1","Lvl","Inside","Gtl","Sawyer","Norm","1Fam","1Story",5,5,1967,1967,"Gable","MetalSd","MetalSd","BrkFace",31,"Avg","AboveAvg","CBlock","Avg","Avg","No","BLQ",450,"Unf",0,432,882,"GasA","Avg","Y","SBrkr",900,0,0,900,0,0,1,0,3,1,"Avg",5,"Typ",0,NA,"Detchd",1970,"Unf",1,280,"Avg","Avg","Y",0,0,0,0,NA,"MnPrv",NA,0,2,2010,"WD"
"38",38,"20","RL",80,9600,NA,"Reg","Lvl","Inside","Gtl","NAmes","Norm","1Fam","1Story",6,5,1953,1953,"Hip","HdBoard","HdBoard","Stone",238,"Avg","Avg","CBlock","Avg","Avg","No","GLQ",1285,"Unf",0,131,1416,"GasA","Avg","Y","SBrkr",1644,0,0,1644,1,0,1,0,3,1,"Avg",7,"Typ",2,"AboveAvg","Attchd",1953,"Fin",2,418,"Avg","Avg","Y",110,0,0,0,NA,NA,NA,0,10,2009,"WD"
"39",39,"20","RL",80,10386,NA,"Reg","Lvl","Inside","Gtl","CollgCr","Norm","1Fam","1Story",8,5,2004,2005,"Gable","CemntBd","CmentBd","Stone",246,"AboveAvg","Avg","PConc","AboveAvg","Avg","No","GLQ",1464,"Unf",0,536,2000,"GasA","AboveAvg","Y","SBrkr",2000,0,0,2000,1,0,2,0,3,1,"AboveAvg",8,"Typ",0,NA,"Attchd",2004,"Fin",3,888,"Avg","Avg","Y",168,0,0,0,NA,NA,NA,0,7,2007,"WD"
"40",40,"60","RL",71,7795,NA,"IR1","Lvl","Inside","Gtl","Gilbert","Norm","1Fam","2Story",7,5,2004,2005,"Gable","VinylSd","VinylSd","None",0,"AboveAvg","Avg","PConc","AboveAvg","Avg","No","GLQ",425,"Unf",0,291,716,"GasA","AboveAvg","Y","SBrkr",716,716,0,1432,1,0,2,1,3,1,"AboveAvg",6,"Typ",1,"AboveAvg","Attchd",2004,"Fin",2,432,"Avg","Avg","Y",100,51,0,0,NA,NA,NA,0,7,2009,"WD"
"41",41,"60","RL",86,10380,NA,"IR1","Lvl","Inside","Gtl","SawyerW","Norm","1Fam","2Story",7,5,1986,1987,"Gable","Plywood","Plywood","BrkFace",172,"AboveAvg","Avg","CBlock","Avg","Avg","Gd","LwQ",28,"ALQ",1474,0,1502,"GasA","AboveAvg","Y","SBrkr",1553,1177,0,2730,1,0,2,1,4,1,"AboveAvg",8,"Typ",1,"Avg","Attchd",1987,"Fin",2,576,"Avg","Avg","Y",201,96,0,0,NA,"MnPrv",NA,0,8,2007,"WD"
"42",42,"20","RL",80,11600,NA,"Reg","Lvl","Inside","Gtl","NAmes","Norm","1Fam","1Story",6,5,1960,1960,"Hip","Wd Sdng","Wd Sdng","BrkFace",175,"Avg","Avg","CBlock","Avg","Avg","No","Rec",565,"Unf",0,818,1383,"GasA","Avg","Y","SBrkr",1383,0,0,1383,0,0,1,1,3,1,"Avg",7,"Typ",0,NA,"Attchd",1960,"RFn",1,292,"Avg","Avg","Y",0,45,0,0,NA,NA,NA,0,4,2006,"WD"
"43",43,"75","RL",NA,11888,"Pave","IR1","Bnk","Inside","Gtl","BrkSide","PosN","1Fam","2.5Unf",6,6,1916,1994,"Gable","Wd Sdng","Wd Shng","None",0,"Avg","Avg","BrkTil","Avg","Avg","No","Unf",0,"Unf",0,844,844,"GasA","AboveAvg","N","FuseA",1445,689,0,2134,0,0,2,0,5,1,"AboveAvg",10,"Typ",0,NA,"Detchd",1930,"Unf",2,441,"Avg","Avg","Y",0,60,268,0,NA,NA,NA,0,7,2009,"WD"
"44",44,"20","RL",70,9135,NA,"Reg","Lvl","Inside","Gtl","CollgCr","Norm","1Fam","1Story",7,5,2002,2003,"Gable","VinylSd","VinylSd","BrkFace",113,"AboveAvg","Avg","PConc","AboveAvg","Avg","Av","GLQ",810,"Unf",0,726,1536,"GasA","AboveAvg","Y","SBrkr",1536,0,0,1536,1,0,2,0,3,1,"AboveAvg",7,"Typ",0,NA,"Attchd",2002,"RFn",2,532,"Avg","Avg","Y",192,74,0,0,NA,NA,NA,0,12,2008,"WD"
"45",45,"20","RL",91,14145,NA,"Reg","Lvl","Corner","Gtl","NWAmes","Norm","1Fam","1Story",7,7,1984,1998,"Gable","Wd Sdng","Wd Sdng","None",0,"AboveAvg","Avg","CBlock","AboveAvg","Avg","Mn","ALQ",213,"Unf",0,995,1208,"GasA","AboveAvg","Y","SBrkr",1621,0,0,1621,1,0,2,0,3,1,"AboveAvg",8,"Typ",0,NA,"Attchd",1984,"RFn",2,440,"Avg","Avg","Y",108,45,0,0,NA,NA,"Shed",400,5,2006,"WD"
"46",46,"20","RL",NA,12772,NA,"IR1","Lvl","CulDSac","Gtl","NAmes","Norm","1Fam","1Story",6,8,1960,1998,"Hip","MetalSd","MetalSd","None",0,"Avg","AboveAvg","CBlock","Avg","Avg","Mn","BLQ",498,"Unf",0,460,958,"GasA","Avg","Y","SBrkr",958,0,0,958,0,0,1,0,2,1,"Avg",5,"Typ",0,NA,"Attchd",1960,"RFn",1,301,"Avg","Avg","Y",0,0,0,0,NA,NA,"Gar2",15500,4,2007,"WD"
"47",47,"20","RL",NA,17600,NA,"IR1","Lvl","Inside","Gtl","NAmes","Norm","1Fam","1Story",6,5,1960,1960,"Gable","Wd Sdng","Wd Sdng","BrkFace",30,"Avg","Avg","CBlock","Avg","Avg","No","BLQ",1270,"Unf",0,208,1478,"GasA","AboveAvg","Y","FuseA",1478,0,0,1478,1,0,2,0,3,1,"Avg",6,"Typ",2,"AboveAvg","Attchd",1960,"Unf",2,498,"Avg","Avg","Y",0,40,0,0,NA,NA,NA,0,12,2009,"WD"
"48",48,"60","RL",NA,8121,NA,"IR1","Lvl","Inside","Gtl","Gilbert","Norm","1Fam","2Story",6,5,2000,2000,"Gable","VinylSd","VinylSd","None",0,"Avg","Avg","PConc","AboveAvg","Avg","No","Unf",0,"Unf",0,953,953,"GasA","AboveAvg","Y","SBrkr",953,711,0,1664,0,0,2,1,3,1,"Avg",7,"Typ",1,"Avg","Attchd",2000,"RFn",2,460,"Avg","Avg","Y",100,40,0,0,NA,NA,NA,0,1,2006,"WD"
"49",49,"60","RL",65,8200,NA,"Reg","Lvl","Inside","Gtl","CollgCr","Norm","1Fam","2Story",7,5,2003,2004,"Gable","VinylSd","VinylSd","None",0,"AboveAvg","Avg","PConc","AboveAvg","Avg","No","Unf",0,"Unf",0,847,847,"GasA","AboveAvg","Y","SBrkr",847,1081,0,1928,0,0,2,1,4,1,"AboveAvg",8,"Typ",1,"AboveAvg","BuiltIn",2003,"Fin",2,434,"Avg","Avg","Y",100,48,0,0,NA,NA,NA,0,7,2007,"WD"
"50",50,"30","RL",NA,10020,NA,"IR1","Low","Inside","Sev","Edwards","Norm","1Fam","1Story",1,1,1922,1950,"Gable","Wd Sdng","Wd Sdng","None",0,"BelowAvg","BelowAvg","BrkTil","BelowAvg","BelowAvg","Gd","BLQ",350,"Unf",0,333,683,"GasA","AboveAvg","N","FuseA",904,0,0,904,1,0,0,1,1,1,"BelowAvg",4,"Maj1",0,NA,NA,NA,NA,0,0,NA,NA,"Y",0,0,0,0,NA,NA,NA,0,3,2009,"WD"
"51",51,"60","FV",102,11143,NA,"IR1","Lvl","Corner","Gtl","Somerst","Norm","1Fam","2Story",8,5,2004,2005,"Gable","CemntBd","CmentBd","None",0,"AboveAvg","Avg","PConc","AboveAvg","Avg","No","Unf",0,"Unf",0,1580,1580,"GasA","AboveAvg","Y","SBrkr",1580,886,0,2466,0,0,3,0,4,1,"AboveAvg",8,"Typ",1,"AboveAvg","Attchd",2004,"RFn",2,610,"Avg","Avg","Y",159,214,0,0,NA,NA,NA,0,12,2007,"WD"
"52",52,"50","RL",50,5000,"Pave","Reg","Lvl","Inside","Gtl","other","Norm","1Fam","1.5Fin",5,6,1924,1950,"Gable","BrkFace","Wd Sdng","None",0,"Avg","Avg","BrkTil","Avg","Avg","No","LwQ",218,"Unf",0,808,1026,"GasA","Avg","Y","SBrkr",1026,665,0,1691,0,0,2,0,3,1,"AboveAvg",6,"Typ",1,"AboveAvg","Detchd",1924,"Unf",1,308,"Avg","Avg","Y",0,0,242,0,NA,NA,NA,0,5,2010,"WD"
"53",53,"20","RL",60,7200,NA,"Reg","Low","Inside","Gtl","CollgCr","Norm","1Fam","1Story",5,5,1972,1972,"Hip","MetalSd","MetalSd","None",0,"Avg","Avg","CBlock","Avg","Avg","Av","Rec",777,"Unf",0,117,894,"GasA","Avg","Y","SBrkr",894,0,0,894,0,0,1,0,2,1,"Avg",6,"Typ",0,NA,"Detchd",1985,"RFn",2,600,"Avg","Avg","Y",215,0,0,0,NA,NA,NA,0,9,2009,"WD"
"54",54,"20","RL",NA,9991,NA,"IR1","Lvl","Corner","Gtl","Sawyer","Feedr","1Fam","1Story",4,4,1976,1993,"Gable","Plywood","Plywood","None",0,"Avg","Avg","CBlock","Avg","Avg","No","BLQ",1116,"Unf",0,165,1281,"GasA","AboveAvg","Y","SBrkr",1620,0,0,1620,1,0,2,0,3,1,"Avg",8,"Min1",1,"Avg","Attchd",1993,"Unf",2,490,"Avg","Avg","Y",120,78,0,0,NA,"GdWo",NA,0,6,2009,"WD"
"55",55,"90","RL",92,12108,NA,"Reg","Lvl","Inside","Gtl","Edwards","Norm","Duplex","1Story",4,4,1955,1955,"Gable","VinylSd","VinylSd","BrkFace",270,"Avg","Avg","CBlock","Avg","Avg","No","ALQ",133,"Unf",0,1307,1440,"GasA","Avg","N","FuseF",1440,0,0,1440,0,0,2,0,4,2,"BelowAvg",8,"Typ",0,NA,NA,NA,NA,0,0,NA,NA,"Y",0,0,0,0,NA,NA,NA,0,9,2008,"WD"
"56",56,"20","RL",137,16492,NA,"IR1","Lvl","Corner","Gtl","NAmes","PosA","1Fam","1Story",6,6,1966,2002,"Gable","BrkFace","Plywood","None",0,"AboveAvg","Avg","CBlock","Avg","Avg","No","ALQ",247,"Rec",713,557,1517,"GasA","AboveAvg","Y","SBrkr",1888,0,0,1888,0,0,2,1,2,1,"AboveAvg",6,"Mod",1,"AboveAvg","Attchd",1966,"Fin",2,578,"Avg","Avg","Y",0,0,0,0,NA,NA,NA,0,6,2010,"WD"
"57",57,"60","RL",NA,9303,NA,"IR1","Lvl","Corner","Gtl","Timber","Norm","1Fam","2Story",6,5,1996,1997,"Hip","VinylSd","VinylSd","BrkFace",42,"AboveAvg","Avg","PConc","AboveAvg","Avg","No","ALQ",742,"Unf",0,130,872,"GasA","AboveAvg","Y","SBrkr",888,868,0,1756,1,0,2,1,3,1,"Avg",7,"Typ",0,NA,"Attchd",1996,"Fin",2,422,"Avg","Avg","Y",144,122,0,0,NA,NA,NA,0,7,2007,"WD"
"58",58,"20","RL",98,11428,NA,"IR1","Lvl","Inside","Gtl","NridgHt","Norm","1Fam","1Story",8,5,2006,2006,"Gable","VinylSd","VinylSd","Stone",248,"AboveAvg","Avg","PConc","AboveAvg","Avg","No","Unf",0,"Unf",0,1626,1626,"GasA","AboveAvg","Y","SBrkr",1634,0,0,1634,0,0,2,0,3,1,"AboveAvg",7,"Typ",1,"AboveAvg","Attchd",2006,"RFn",3,866,"Avg","Avg","Y",0,44,0,0,NA,NA,NA,0,5,2007,"WD"
"59",59,"120","RL",NA,6820,NA,"IR1","Lvl","Corner","Gtl","other","Norm","TwnhsE","1Story",8,5,1985,1985,"Gable","HdBoard","HdBoard","None",0,"AboveAvg","Avg","PConc","AboveAvg","Avg","Av","GLQ",368,"BLQ",1120,0,1488,"GasA","Avg","Y","SBrkr",1502,0,0,1502,1,0,1,1,1,1,"AboveAvg",4,"Typ",0,NA,"Attchd",1985,"RFn",2,528,"Avg","Avg","Y",0,54,140,0,NA,NA,NA,0,6,2010,"WD"
"60",60,"160","RM",35,3675,NA,"Reg","Lvl","Inside","Gtl","Edwards","Norm","TwnhsE","SLvl",6,5,2005,2005,"Gable","VinylSd","VinylSd","BrkFace",80,"Avg","Avg","PConc","AboveAvg","Avg","Gd","GLQ",459,"Unf",0,88,547,"GasA","AboveAvg","Y","SBrkr",1072,0,0,1072,1,0,1,0,2,1,"Avg",5,"Typ",0,NA,"Basment",2005,"RFn",2,525,"Avg","Avg","Y",0,28,0,0,NA,NA,NA,0,6,2008,"WD"
"61",61,"20","RL",98,16033,NA,"IR1","Lvl","other","Gtl","NridgHt","Norm","1Fam","1Story",9,5,2004,2005,"Hip","VinylSd","VinylSd","BrkFace",378,"AboveAvg","Avg","PConc","AboveAvg","Avg","Gd","GLQ",1261,"Unf",0,572,1833,"GasA","AboveAvg","Y","SBrkr",1850,0,0,1850,1,0,2,0,3,1,"AboveAvg",8,"Typ",1,"AboveAvg","Attchd",2004,"Fin",3,772,"Avg","Avg","Y",519,112,0,0,NA,NA,NA,0,3,2006,"WD"
"62",62,"20","RL",79,10289,NA,"Reg","Lvl","Inside","Gtl","NAmes","Norm","1Fam","1Story",5,7,1965,1965,"Hip","MetalSd","MetalSd","BrkFace",168,"Avg","Avg","CBlock","Avg","Avg","No","ALQ",836,"Unf",0,237,1073,"GasA","Avg","Y","SBrkr",1073,0,0,1073,1,0,1,1,3,1,"Avg",6,"Typ",0,NA,"Attchd",1965,"RFn",2,515,"Avg","Avg","Y",0,0,0,0,NA,NA,NA,0,6,2007,"WD"
"63",63,"50","RL",60,9120,"Pave","Reg","Lvl","Inside","Gtl","BrkSide","Norm","1Fam","1.5Fin",7,6,1925,1950,"Gable","Wd Sdng","Wd Sdng","None",0,"Avg","AboveAvg","PConc","Avg","Avg","No","Rec",329,"Unf",0,697,1026,"GasA","AboveAvg","Y","SBrkr",1133,687,0,1820,1,0,2,0,4,1,"Avg",8,"Typ",0,NA,"Detchd",1925,"Unf",1,240,"Avg","Avg","N",0,100,0,0,NA,"GdPrv",NA,0,6,2008,"WD"
"64",64,"20","RL",65,7800,NA,"Reg","Lvl","Inside","Gtl","Sawyer","Norm","1Fam","1Story",5,7,1967,2004,"Hip","HdBoard","HdBoard","BrkFace",89,"Avg","Avg","PConc","Avg","Avg","No","ALQ",450,"Unf",0,414,864,"GasA","AboveAvg","Y","SBrkr",899,0,0,899,0,0,1,0,3,1,"AboveAvg",5,"Typ",0,NA,"Attchd",1967,"Fin",1,288,"Avg","Avg","Y",64,0,0,0,NA,"MnPrv",NA,0,6,2009,"WD"
"65",65,"20","RL",70,9170,NA,"Reg","Lvl","Corner","Gtl","Edwards","Feedr","1Fam","1Story",5,7,1965,1965,"Hip","MetalSd","MetalSd","None",0,"Avg","Avg","CBlock","Avg","Avg","No","ALQ",698,"GLQ",96,420,1214,"GasA","AboveAvg","Y","SBrkr",1214,0,0,1214,1,0,1,0,2,1,"Avg",6,"Typ",0,NA,"Detchd",1965,"Unf",2,461,"BelowAvg","BelowAvg","Y",0,0,184,0,NA,"GdPrv","Shed",400,4,2007,"WD"
"66",66,"160","RL",24,2308,NA,"Reg","Lvl","Inside","Gtl","other","Norm","TwnhsE","2Story",6,5,1974,1974,"Gable","Plywood","other","None",0,"Avg","Avg","CBlock","Avg","Avg","No","ALQ",257,"Rec",495,103,855,"GasA","Avg","Y","SBrkr",855,467,0,1322,0,1,2,1,3,1,"Avg",6,"Typ",1,"BelowAvg","Attchd",1974,"Unf",2,440,"Avg","Avg","Y",260,0,0,0,NA,NA,NA,0,6,2009,"WD"
"67",67,"90","RM",60,7596,"Grvl","Reg","Lvl","Inside","Gtl","OldTown","Artery","Duplex","2Story",5,5,1952,1952,"Hip","Wd Sdng","Wd Sdng","BrkFace",360,"Avg","Avg","CBlock","Avg","Avg","No","Unf",0,"Unf",0,960,960,"GasA","AboveAvg","Y","SBrkr",960,1000,0,1960,0,0,2,0,4,2,"Avg",10,"Typ",0,NA,"Detchd",1952,"Unf",2,400,"Avg","Avg","N",0,0,0,0,NA,NA,NA,0,7,2009,"other"
"68",68,"70","RL",53,10918,NA,"Reg","Lvl","Inside","Gtl","Crawfor","Norm","1Fam","2Story",7,9,1926,2004,"other","MetalSd","MetalSd","None",0,"AboveAvg","Avg","BrkTil","AboveAvg","Avg","No","Unf",0,"Unf",0,1276,1276,"GasA","AboveAvg","Y","SBrkr",1276,804,0,2080,0,0,1,1,3,1,"AboveAvg",9,"Typ",2,"AboveAvg","Detchd",1926,"Unf",1,282,"Avg","Avg","Y",0,0,145,0,NA,"MnPrv",NA,0,6,2009,"WD"
"69",69,"20","RL",70,13300,NA,"Reg","Lvl","Inside","Gtl","NAmes","Norm","1Fam","1Story",5,7,1956,2000,"Hip","Wd Sdng","Wd Sdng","None",0,"Avg","Avg","CBlock","AboveAvg","Avg","No","Rec",377,"Unf",0,551,928,"GasA","Avg","Y","SBrkr",928,0,0,928,0,0,1,0,2,1,"Avg",4,"Typ",0,NA,"Attchd",1956,"Unf",1,252,"Avg","Avg","Y",261,0,156,0,NA,NA,NA,0,6,2007,"WD"
"70",70,"20","RL",60,7200,NA,"Reg","Lvl","Inside","Gtl","NAmes","Norm","1Fam","1Story",5,7,1955,2007,"Gable","VinylSd","VinylSd","None",0,"Avg","Avg","other",NA,NA,NA,NA,0,NA,0,0,0,"GasA","AboveAvg","Y","SBrkr",827,0,0,827,0,0,1,0,2,1,"Avg",5,"Mod",1,"BelowAvg","Detchd",1967,"Unf",1,392,"Avg","Avg","Y",0,0,0,0,NA,NA,NA,0,4,2010,"WD"
"71",71,"60","RL",74,9056,NA,"IR1","Lvl","Inside","Gtl","Gilbert","Norm","1Fam","2Story",8,5,2004,2004,"Gable","VinylSd","VinylSd","None",0,"AboveAvg","Avg","PConc","AboveAvg","AboveAvg","Av","Unf",0,"Unf",0,707,707,"GasA","AboveAvg","Y","SBrkr",707,707,0,1414,0,0,2,1,3,1,"AboveAvg",6,"Typ",1,"AboveAvg","Attchd",2004,"Fin",2,403,"Avg","Avg","Y",100,35,0,0,NA,NA,NA,0,10,2006,"WD"
"72",72,"20","RL",NA,11553,NA,"IR1","Lvl","Inside","Gtl","Sawyer","Norm","1Fam","1Story",5,5,1968,1968,"Hip","Plywood","Plywood","BrkFace",188,"Avg","Avg","CBlock","Avg","Avg","No","BLQ",673,"Unf",0,378,1051,"GasA","Avg","Y","SBrkr",1159,0,0,1159,0,0,1,1,3,1,"Avg",7,"Typ",1,"BelowAvg","Attchd",1968,"Unf",1,336,"Avg","Avg","Y",466,0,0,0,NA,NA,NA,0,7,2006,"WD"
"73",73,"20","RL",85,14601,NA,"Reg","Lvl","Inside","Gtl","Timber","Norm","1Fam","1Story",9,5,2006,2006,"Hip","VinylSd","VinylSd","BrkFace",584,"AboveAvg","Avg","PConc","AboveAvg","Avg","Av","GLQ",1260,"Unf",0,578,1838,"GasA","AboveAvg","Y","SBrkr",1838,0,0,1838,1,0,2,0,2,1,"AboveAvg",8,"Typ",1,"AboveAvg","Attchd",2006,"Fin",3,765,"Avg","Avg","Y",270,68,0,0,NA,NA,NA,0,3,2009,"WD"
"74",74,"20","RL",87,11146,NA,"IR1","Lvl","Inside","Gtl","NridgHt","Norm","1Fam","1Story",8,5,2006,2006,"Gable","VinylSd","VinylSd","Stone",250,"AboveAvg","Avg","PConc","AboveAvg","Avg","Av","Unf",0,"Unf",0,1709,1709,"GasA","AboveAvg","Y","SBrkr",1717,0,0,1717,0,0,2,0,3,1,"AboveAvg",7,"Typ",1,"AboveAvg","Attchd",2006,"RFn",3,908,"Avg","Avg","Y",169,39,0,0,NA,NA,NA,0,7,2009,"WD"
"75",75,"45","RM",58,6380,NA,"Reg","Lvl","Inside","Gtl","BrkSide","Norm","1Fam","1.5Unf",5,6,1922,1950,"Gable","MetalSd","MetalSd","None",0,"Avg","Avg","BrkTil","Avg","BelowAvg","No","Unf",0,"Unf",0,993,993,"GasA","Avg","Y","FuseA",1048,0,0,1048,0,0,1,0,2,1,"Avg",5,"Typ",1,"AboveAvg","Detchd",1922,"Unf",1,280,"Avg","Avg","Y",0,0,116,0,NA,NA,NA,0,8,2006,"WD"
"76",76,"50","RL",79,12327,NA,"IR1","Low","Inside","Mod","SawyerW","Norm","1Fam","1.5Fin",8,8,1983,2009,"Gable","Wd Sdng","Wd Sdng","None",0,"AboveAvg","Avg","CBlock","AboveAvg","Avg","Gd","GLQ",1441,"Unf",0,55,1496,"GasA","AboveAvg","Y","SBrkr",1496,636,0,2132,1,0,1,1,1,1,"AboveAvg",5,"Min2",1,"AboveAvg","BuiltIn",1983,"Fin",2,612,"AboveAvg","Avg","Y",349,40,0,0,NA,NA,NA,0,9,2009,"WD"
"77",77,"90","RL",74,13101,NA,"IR1","Lvl","Inside","Gtl","NAmes","Norm","Duplex","1Story",5,5,1965,1965,"Gable","HdBoard","HdBoard","BrkFace",108,"Avg","Avg","CBlock","Avg","Avg","No","LwQ",231,"Unf",0,1497,1728,"GasA","Avg","Y","SBrkr",1728,0,0,1728,0,0,2,0,6,2,"Avg",10,"Typ",0,NA,"Detchd",1987,"Unf",2,576,"Avg","Avg","Y",0,0,0,0,NA,NA,NA,0,11,2008,"WD"
"78",78,"50","RM",81,12150,"Grvl","Reg","Lvl","Inside","Gtl","OldTown","Norm","1Fam","1.5Fin",5,5,1954,1954,"Gable","MetalSd","MetalSd","BrkFace",335,"Avg","Avg","BrkTil","Avg","Avg","No","Unf",0,"Unf",0,1050,1050,"GasA","AboveAvg","N","FuseF",1050,745,0,1795,0,0,2,0,4,1,"Avg",7,"Typ",0,NA,"Attchd",1954,"Unf",1,352,"BelowAvg","Avg","Y",0,0,0,0,NA,NA,NA,0,11,2008,"WD"
"79",79,"60","RL",74,10927,NA,"Reg","Lvl","Inside","Gtl","NridgHt","Norm","1Fam","2Story",8,5,2005,2005,"Gable","VinylSd","VinylSd","BrkFace",280,"AboveAvg","Avg","PConc","AboveAvg","Avg","Av","GLQ",546,"Unf",0,512,1058,"GasA","AboveAvg","Y","SBrkr",1058,846,0,1904,1,0,2,1,3,1,"AboveAvg",8,"Typ",1,"AboveAvg","BuiltIn",2003,"Fin",2,736,"Avg","Avg","Y",179,60,0,0,NA,NA,NA,0,6,2006,"WD"
"80",80,"80","RL",NA,10395,NA,"IR1","Lvl","other","Gtl","NWAmes","Norm","1Fam","SLvl",6,6,1978,1978,"Gable","HdBoard","HdBoard","BrkFace",233,"Avg","Avg","CBlock","AboveAvg","Avg","Av","ALQ",605,"Unf",0,427,1032,"GasA","Avg","Y","SBrkr",1032,0,0,1032,0,1,2,0,3,1,"Avg",6,"Typ",1,"Avg","Attchd",1978,"Unf",2,564,"Avg","Avg","Y",0,0,0,0,NA,"MnPrv","Shed",500,7,2007,"WD"
"81",81,"60","FV",NA,7050,NA,"Reg","Lvl","Inside","Gtl","Somerst","Norm","1Fam","2Story",7,5,2001,2001,"Gable","VinylSd","VinylSd","None",0,"AboveAvg","Avg","PConc","AboveAvg","Avg","No","GLQ",738,"Unf",0,319,1057,"GasA","AboveAvg","Y","SBrkr",1057,872,0,1929,1,0,2,1,3,1,"AboveAvg",7,"Typ",1,"Avg","Attchd",2001,"Fin",2,650,"Avg","Avg","Y",0,235,0,0,NA,NA,NA,0,5,2007,"WD"
"82",82,"60","RL",80,10793,NA,"Reg","Lvl","Inside","Gtl","NWAmes","RR","1Fam","2Story",5,5,1969,1969,"other","other","HdBoard","BrkFace",263,"Avg","Avg","CBlock","Avg","Avg","No","Rec",493,"BLQ",287,0,780,"GasA","AboveAvg","Y","SBrkr",780,840,0,1620,0,0,2,1,4,1,"Avg",7,"Min1",0,NA,"Attchd",1969,"Fin",2,462,"Avg","Avg","Y",208,0,0,0,NA,"GdWo",NA,0,4,2007,"WD"
"83",83,"20","RL",91,10437,NA,"IR1","Lvl","Inside","Gtl","NoRidge","Norm","1Fam","1Story",8,6,1995,1995,"Hip","MetalSd","MetalSd","BrkFace",660,"AboveAvg","AboveAvg","PConc","AboveAvg","Avg","Gd","GLQ",1696,"Unf",0,413,2109,"GasA","AboveAvg","Y","SBrkr",2113,0,0,2113,1,0,2,1,2,1,"AboveAvg",7,"Typ",1,"Avg","Attchd",1995,"Fin",3,839,"Avg","Avg","Y",236,46,0,0,NA,NA,NA,0,8,2008,"WD"
"84",84,"70","RH",54,6629,NA,"Reg","Lvl","Inside","Gtl","Edwards","Artery","1Fam","2Story",6,6,1925,1950,"other","Wd Sdng","Wd Sdng","None",0,"Avg","AboveAvg","BrkTil","Avg","Avg","No","BLQ",551,"Unf",0,121,672,"GasA","Avg","N","SBrkr",697,672,0,1369,1,0,2,0,3,1,"Avg",6,"Typ",0,NA,"Detchd",1930,"Unf",1,300,"Avg","Avg","Y",147,0,0,0,NA,NA,NA,0,7,2009,"WD"
"85",85,"20","RL",110,14442,NA,"Reg","Lvl","Inside","Gtl","Crawfor","Norm","1Fam","1Story",6,7,1957,2004,"Hip","CemntBd","CmentBd","BrkFace",106,"Avg","Avg","PConc","Avg","Avg","No","GLQ",1186,"Unf",0,291,1477,"GasA","AboveAvg","Y","SBrkr",1839,0,0,1839,1,0,2,0,3,1,"AboveAvg",7,"Typ",2,"Avg","Attchd",1957,"Fin",2,416,"Avg","Avg","Y",0,87,200,0,NA,NA,NA,0,6,2007,"WD"
"86",86,"30","RM",50,6000,NA,"Reg","Lvl","Inside","Gtl","BrkSide","Norm","1Fam","1Story",5,7,1921,1950,"Gable","Wd Sdng","Wd Shng","None",0,"Avg","Avg","CBlock","Avg","Avg","No","LwQ",616,"Unf",0,0,616,"GasA","AboveAvg","Y","SBrkr",616,0,0,616,0,0,1,0,2,1,"Avg",4,"Typ",0,NA,"Detchd",1921,"Unf",1,205,"Avg","Avg","Y",0,0,129,0,NA,NA,NA,0,6,2006,"WD"
"87",87,"190","RM",76,7630,NA,"Reg","Lvl","Inside","Gtl","OldTown","Feedr","2fmCon","2Story",5,9,1900,1996,"Gable","Wd Sdng","Wd Sdng","None",0,"Avg","AboveAvg","BrkTil","AboveAvg","Avg","No","Unf",0,"Unf",0,360,360,"GasA","AboveAvg","Y","SBrkr",1032,780,0,1812,0,0,2,0,4,2,"AboveAvg",8,"Typ",1,"BelowAvg","Detchd",1999,"Unf",2,672,"Avg","Avg","N",344,0,40,0,NA,"MnPrv",NA,0,5,2010,"WD"
"88",88,"20","RL",NA,115149,NA,"IR2","Low","CulDSac","Sev","ClearCr","Norm","1Fam","1Story",7,5,1971,2002,"Gable","Plywood","Plywood","Stone",351,"Avg","Avg","CBlock","AboveAvg","Avg","Gd","GLQ",1219,"Unf",0,424,1643,"GasA","Avg","Y","SBrkr",1824,0,0,1824,1,0,2,0,2,1,"AboveAvg",5,"Typ",2,"Avg","Attchd",1971,"Unf",2,739,"Avg","Avg","Y",380,48,0,0,NA,NA,NA,0,6,2007,"WD"
"89",89,"20","RL",NA,21695,NA,"IR1","Lvl","Corner","Gtl","Crawfor","Norm","1Fam","1Story",6,9,1988,2007,"Hip","Wd Sdng","Plywood","BrkFace",260,"AboveAvg","AboveAvg","CBlock","AboveAvg","Avg","No","GLQ",808,"Unf",0,72,880,"GasA","AboveAvg","Y","SBrkr",1680,0,0,1680,1,0,2,0,3,1,"AboveAvg",5,"Typ",1,"AboveAvg","Attchd",1988,"Fin",2,540,"Avg","Avg","Y",292,44,182,0,NA,NA,NA,0,12,2009,"WD"
"90",90,"20","RL",64,7314,NA,"Reg","Lvl","Inside","Gtl","CollgCr","Norm","1Fam","1Story",7,5,2007,2007,"Gable","VinylSd","VinylSd","Stone",82,"AboveAvg","Avg","PConc","AboveAvg","Avg","Av","GLQ",724,"Unf",0,508,1232,"GasA","AboveAvg","Y","SBrkr",1232,0,0,1232,1,0,2,0,2,1,"AboveAvg",6,"Typ",0,NA,"Attchd",2007,"RFn",2,632,"Avg","Avg","Y",132,0,0,0,NA,NA,NA,0,2,2009,"WD"
"91",91,"120","RL",39,5389,NA,"IR1","Lvl","Inside","Gtl","other","Norm","TwnhsE","1Story",8,5,1995,1996,"Gable","CemntBd","CmentBd","None",0,"AboveAvg","Avg","PConc","AboveAvg","Avg","No","GLQ",1180,"Unf",0,415,1595,"GasA","AboveAvg","Y","SBrkr",1616,0,0,1616,1,0,2,0,2,1,"AboveAvg",5,"Typ",1,"Avg","Attchd",1995,"RFn",2,608,"Avg","Avg","Y",237,152,0,0,NA,NA,NA,0,3,2010,"WD"
"92",92,"75","RM",60,10800,NA,"Reg","Lvl","Inside","Gtl","OldTown","Norm","1Fam","2.5Unf",7,7,1914,1970,"Gable","Wd Sdng","Wd Sdng","None",0,"Avg","Avg","BrkTil","AboveAvg","Avg","Mn","Rec",390,"Unf",0,490,880,"other","BelowAvg","N","SBrkr",880,888,0,1768,0,0,1,1,2,1,"Avg",6,"Typ",2,"Avg","Detchd",1914,"Unf",2,320,"Avg","Avg","N",0,341,0,0,NA,NA,NA,0,10,2006,"WD"
"93",93,"20","RL",65,8450,NA,"Reg","Lvl","Inside","Gtl","SawyerW","Norm","1Fam","1Story",7,5,2000,2001,"Gable","VinylSd","VinylSd","BrkFace",108,"Avg","Avg","PConc","AboveAvg","Avg","No","Unf",0,"Unf",0,1349,1349,"GasA","AboveAvg","Y","SBrkr",1349,0,0,1349,0,0,2,0,3,1,"Avg",6,"Typ",0,NA,"Attchd",2000,"Unf",2,539,"Avg","Avg","Y",120,55,0,0,NA,"GdPrv",NA,0,12,2007,"WD"
"94",94,"120","RL",41,5395,NA,"IR1","HLS","Inside","Gtl","other","Norm","TwnhsE","1Story",8,5,1993,1993,"Gable","HdBoard","HdBoard","None",0,"AboveAvg","Avg","PConc","AboveAvg","Avg","No","GLQ",733,"Unf",0,604,1337,"GasA","AboveAvg","Y","SBrkr",1337,0,0,1337,1,0,2,0,2,1,"AboveAvg",5,"Typ",1,"Avg","Attchd",1993,"RFn",2,462,"Avg","Avg","Y",96,0,238,0,NA,NA,NA,0,10,2008,"WD"
"95",95,"60","RL",NA,8963,NA,"IR1","Lvl","Inside","Gtl","NWAmes","Norm","1Fam","2Story",8,9,1976,1996,"Hip","VinylSd","VinylSd","BrkFace",289,"AboveAvg","AboveAvg","CBlock","Avg","AboveAvg","No","GLQ",575,"ALQ",80,487,1142,"GasA","AboveAvg","Y","SBrkr",1175,1540,0,2715,0,1,3,1,4,1,"AboveAvg",11,"Typ",2,"Avg","BuiltIn",1994,"Fin",2,831,"Avg","Avg","Y",0,204,0,0,NA,NA,NA,0,7,2008,"WD"
"96",96,"60","RL",NA,8795,NA,"IR1","Lvl","Inside","Gtl","Gilbert","Norm","1Fam","2Story",7,5,2000,2000,"Gable","VinylSd","VinylSd","None",0,"AboveAvg","Avg","PConc","AboveAvg","Avg","No","GLQ",300,"Unf",0,652,952,"GasA","AboveAvg","Y","SBrkr",980,1276,0,2256,0,0,2,1,4,1,"AboveAvg",8,"Typ",1,"Avg","BuiltIn",2000,"Fin",2,554,"Avg","Avg","Y",224,54,0,0,NA,NA,NA,0,4,2009,"WD"
"97",97,"20","RL",61,7930,NA,"Reg","Lvl","Inside","Gtl","NAmes","Norm","1Fam","1Story",6,8,1969,2005,"Gable","Plywood","Plywood","None",0,"Avg","Avg","CBlock","Avg","Avg","No","GLQ",439,"LwQ",472,115,1026,"GasA","AboveAvg","Y","SBrkr",1026,0,0,1026,1,0,1,0,3,1,"AboveAvg",5,"Typ",0,NA,"Detchd",1969,"RFn",2,440,"Avg","Avg","Y",171,48,0,0,NA,NA,NA,0,7,2009,"WD"
"98",98,"60","RL",65,12257,NA,"IR1","Lvl","Inside","Gtl","NoRidge","Norm","1Fam","2Story",8,5,1995,1995,"Gable","VinylSd","VinylSd","BrkFace",513,"AboveAvg","Avg","PConc","AboveAvg","Avg","Av","LwQ",56,"ALQ",64,1198,1318,"GasA","AboveAvg","Y","SBrkr",1328,1203,0,2531,0,0,2,1,4,1,"AboveAvg",9,"Typ",1,"Avg","Attchd",1995,"RFn",3,752,"Avg","Avg","Y",222,98,0,0,NA,NA,NA,0,11,2007,"WD"
"99",99,"20","RL",70,9100,NA,"Reg","Lvl","Inside","Gtl","NAmes","Norm","1Fam","1Story",6,6,1959,1959,"Hip","Wd Sdng","Wd Sdng","None",0,"Avg","Avg","CBlock","Avg","Avg","No","Rec",612,"Unf",0,252,864,"GasA","AboveAvg","Y","SBrkr",864,0,0,864,0,0,1,0,2,1,"Avg",5,"Typ",0,NA,"Detchd",2008,"Unf",1,300,"AboveAvg","AboveAvg","Y",0,0,0,0,NA,NA,"Shed",450,10,2009,"WD"
"100",100,"60","RL",82,9430,NA,"Reg","Lvl","Inside","Gtl","NoRidge","Norm","1Fam","2Story",8,5,1999,1999,"Gable","VinylSd","VinylSd","BrkFace",673,"AboveAvg","Avg","PConc","AboveAvg","Avg","Mn","GLQ",1163,"Unf",0,89,1252,"GasA","AboveAvg","Y","SBrkr",1268,1097,0,2365,1,0,2,1,3,1,"AboveAvg",8,"Typ",1,"AboveAvg","Attchd",1999,"RFn",3,856,"Avg","Avg","Y",0,128,180,0,NA,NA,NA,0,7,2009,"WD"
"101",101,"60","RL",79,12798,NA,"IR1","HLS","Inside","Mod","ClearCr","Feedr","1Fam","2Story",6,5,1997,1997,"Gable","VinylSd","VinylSd","None",0,"Avg","Avg","PConc","AboveAvg","Avg","Gd","GLQ",462,"Unf",0,154,616,"GasA","AboveAvg","Y","SBrkr",616,1072,0,1688,1,0,2,1,4,1,"AboveAvg",8,"Typ",0,NA,"Attchd",1997,"RFn",2,603,"Avg","Avg","Y",403,114,185,0,NA,NA,"Shed",400,5,2008,"WD"
"102",102,"30","RM",90,8100,"Pave","Reg","Lvl","Inside","Gtl","OldTown","Norm","1Fam","1Story",5,6,1948,1973,"Gable","VinylSd","VinylSd","None",0,"Avg","Avg","BrkTil","Avg","Avg","No","Rec",338,"Unf",0,1221,1559,"GasA","AboveAvg","Y","SBrkr",1559,0,0,1559,1,0,1,0,2,1,"Avg",5,"Min2",0,NA,"Detchd",1948,"Unf",2,812,"Avg","Avg","Y",0,116,230,0,NA,"GdWo",NA,0,6,2007,"other"
"103",103,"160","RM",21,1680,NA,"Reg","Lvl","Inside","Gtl","other","Norm","Twnhs","2Story",6,5,1973,1973,"Gable","HdBoard","HdBoard","BrkFace",158,"Avg","Avg","CBlock","Avg","Avg","No","BLQ",330,"Unf",0,153,483,"GasA","Avg","Y","SBrkr",483,504,0,987,1,0,1,1,2,1,"Avg",5,"Typ",0,NA,"Detchd",1973,"Unf",1,264,"Avg","Avg","Y",0,0,0,0,NA,NA,NA,0,11,2008,"WD"
"104",104,"20","RL",75,9525,NA,"Reg","Lvl","Inside","Gtl","CollgCr","Norm","1Fam","1Story",5,6,1995,2006,"Gable","VinylSd","VinylSd","None",0,"Avg","Avg","PConc","AboveAvg","Avg","No","Unf",0,"Unf",0,1099,1099,"GasA","AboveAvg","Y","SBrkr",1099,0,0,1099,0,0,1,1,3,1,"AboveAvg",6,"Typ",0,NA,"Attchd",1999,"Unf",1,352,"Avg","Avg","Y",278,0,0,0,NA,NA,NA,0,6,2008,"WD"
"105",105,"80","RL",82,9020,NA,"Reg","Lvl","Inside","Gtl","NAmes","Norm","1Fam","SLvl",6,7,1966,1966,"Gable","HdBoard","HdBoard","BrkFace",183,"Avg","Avg","CBlock","Avg","Avg","Gd","Rec",312,"ALQ",539,276,1127,"GasA","Avg","Y","SBrkr",1165,0,0,1165,1,0,1,1,3,1,"Avg",6,"Typ",0,NA,"Attchd",1966,"RFn",2,490,"AboveAvg","AboveAvg","Y",0,129,0,0,NA,"GdPrv",NA,0,5,2008,"WD"
"106",106,"80","RL",80,9600,NA,"Reg","Lvl","other","Gtl","other","Feedr","1Fam","SLvl",6,7,1976,1994,"Hip","Plywood","Plywood","BrkFace",360,"AboveAvg","AboveAvg","CBlock","Avg","Avg","No","Unf",0,"Unf",0,528,528,"GasA","AboveAvg","Y","SBrkr",1094,761,0,1855,0,0,2,1,3,1,"Avg",7,"Typ",1,"Avg","Attchd",1976,"RFn",2,512,"Avg","Avg","Y",113,100,0,0,NA,NA,NA,0,8,2007,"WD"
"107",107,"60","RL",65,8125,NA,"Reg","Lvl","Inside","Gtl","Gilbert","Norm","1Fam","2Story",6,5,1994,1995,"Gable","HdBoard","HdBoard","None",0,"Avg","Avg","PConc","AboveAvg","Avg","No","Unf",0,"Unf",0,702,702,"GasA","AboveAvg","Y","SBrkr",702,779,0,1481,0,0,2,1,3,1,"Avg",6,"Typ",1,"Avg","Attchd",1994,"Fin",2,343,"Avg","Avg","Y",0,36,0,0,NA,NA,NA,0,3,2009,"WD"
"108",108,"190","RL",75,11625,NA,"Reg","Lvl","Inside","Gtl","Sawyer","Norm","2fmCon","1Story",5,4,1965,1965,"Hip","Plywood","HdBoard","None",0,"Avg","Avg","PConc","Avg","Avg","Mn","BLQ",841,"Unf",0,198,1039,"GasA","AboveAvg","Y","SBrkr",1039,0,0,1039,1,0,1,1,3,1,"Avg",6,"Typ",0,NA,"Attchd",1965,"Unf",2,504,"Avg","Avg","Y",0,0,0,0,NA,NA,NA,0,4,2010,"WD"
"109",109,"20","RL",85,6970,NA,"Reg","Lvl","Corner","Gtl","Sawyer","Feedr","1Fam","1Story",4,5,1961,1961,"Gable","VinylSd","VinylSd","None",0,"Avg","Avg","CBlock","Avg","Avg","No","ALQ",932,"Unf",0,108,1040,"GasA","Avg","Y","SBrkr",1120,0,0,1120,1,0,1,1,3,1,"BelowAvg",5,"Typ",0,NA,"Attchd",1961,"RFn",2,544,"Avg","Avg","Y",168,0,0,0,NA,NA,"Shed",400,5,2007,"WD"
"110",110,"60","RL",74,8834,NA,"Reg","Lvl","Inside","Gtl","NridgHt","Norm","1Fam","2Story",9,5,2004,2005,"Hip","VinylSd","VinylSd","Stone",216,"AboveAvg","Avg","PConc","AboveAvg","Avg","No","GLQ",1170,"Unf",0,292,1462,"GasA","AboveAvg","Y","SBrkr",1462,762,0,2224,1,0,2,1,4,1,"AboveAvg",10,"Typ",1,"AboveAvg","Attchd",2004,"Fin",3,738,"Avg","Avg","Y",184,0,0,0,NA,NA,NA,0,6,2009,"WD"
"111",111,"20","RL",95,15865,NA,"IR1","Lvl","Inside","Mod","NAmes","Norm","1Fam","1Story",8,6,1970,1970,"other","Wd Sdng","Wd Sdng","None",0,"AboveAvg","AboveAvg","PConc","Avg","AboveAvg","Gd","ALQ",351,"Rec",823,1043,2217,"GasA","AboveAvg","Y","SBrkr",2217,0,0,2217,1,0,2,0,4,1,"AboveAvg",8,"Typ",1,"Avg","Attchd",1970,"Unf",2,621,"Avg","Avg","Y",81,207,224,0,NA,NA,NA,0,10,2007,"WD"
"112",112,"20","RL",128,12160,NA,"Reg","Lvl","Inside","Gtl","NAmes","Feedr","1Fam","1Story",6,4,1953,1953,"Hip","Wd Sdng","Wd Sdng","BrkFace",90,"Avg","Avg","CBlock","Avg","Avg","No","BLQ",1024,"Unf",0,481,1505,"GasA","AboveAvg","Y","SBrkr",1505,0,0,1505,1,0,1,0,2,1,"Avg",6,"Typ",1,"Avg","Attchd",1953,"RFn",2,505,"Avg","Avg","Y",0,0,162,0,NA,NA,NA,0,2,2009,"WD"
"113",113,"20","RL",70,8414,NA,"Reg","Lvl","Inside","Gtl","Sawyer","Norm","1Fam","1Story",6,8,1963,2003,"Hip","HdBoard","HdBoard","None",0,"Avg","Avg","CBlock","Avg","Avg","No","GLQ",663,"Unf",0,396,1059,"GasA","Avg","Y","SBrkr",1068,0,0,1068,0,1,1,0,3,1,"Avg",6,"Typ",0,NA,"Attchd",1963,"RFn",1,264,"Avg","Avg","Y",192,0,0,0,NA,"MnPrv",NA,0,2,2006,"WD"
"114",114,"20","RL",NA,13284,NA,"Reg","Lvl","Inside","Gtl","Sawyer","PosN","1Fam","1Story",5,5,1954,1954,"Gable","Wd Sdng","Plywood","None",0,"Avg","Avg","PConc","AboveAvg","Avg","Mn","BLQ",1064,"Unf",0,319,1383,"GasA","Avg","Y","SBrkr",1383,0,0,1383,1,0,1,0,3,1,"Avg",6,"Typ",1,"AboveAvg","Attchd",1954,"Unf",1,354,"Avg","Avg","Y",511,116,0,0,NA,"GdPrv",NA,0,6,2008,"WD"
"115",115,"60","RL",63,7875,NA,"Reg","Lvl","Inside","Gtl","Gilbert","Norm","1Fam","2Story",7,5,2003,2003,"Gable","VinylSd","VinylSd","None",0,"AboveAvg","Avg","PConc","AboveAvg","Avg","No","Unf",0,"Unf",0,783,783,"GasA","AboveAvg","Y","SBrkr",807,702,0,1509,0,0,2,1,3,1,"AboveAvg",8,"Typ",1,"AboveAvg","Attchd",2003,"Fin",2,393,"Avg","Avg","Y",0,75,0,0,NA,NA,NA,0,7,2006,"WD"
"116",116,"60","RL",149,12589,NA,"IR2","Lvl","Inside","Gtl","Gilbert","Norm","1Fam","2Story",6,5,2005,2005,"Gable","VinylSd","VinylSd","None",0,"AboveAvg","Avg","PConc","AboveAvg","Avg","No","Unf",0,"Unf",0,742,742,"GasA","AboveAvg","Y","SBrkr",742,742,0,1484,0,0,2,1,3,1,"AboveAvg",8,"Typ",1,"AboveAvg","Attchd",2005,"Fin",2,390,"Avg","Avg","Y",36,24,0,0,NA,NA,NA,0,6,2009,"WD"
"117",117,"160","RM",21,2001,NA,"Reg","Lvl","Inside","Gtl","other","Norm","Twnhs","2Story",4,5,1970,1970,"Gable","CemntBd","CmentBd","BrkFace",80,"Avg","Avg","CBlock","Avg","Avg","No","Unf",0,"Unf",0,546,546,"GasA","BelowAvg","Y","SBrkr",546,546,0,1092,0,0,1,1,3,1,"Avg",6,"Typ",0,NA,"Attchd",1970,"Unf",1,286,"Avg","Avg","Y",0,0,0,0,NA,NA,NA,0,1,2007,"WD"
"118",118,"20","RL",79,10240,NA,"Reg","Lvl","Inside","Gtl","NWAmes","Norm","1Fam","1Story",6,6,1980,1980,"Gable","Plywood","Plywood","BrkFace",157,"Avg","AboveAvg","CBlock","AboveAvg","Avg","No","BLQ",625,"LwQ",1061,0,1686,"GasA","Avg","Y","SBrkr",1686,0,0,1686,1,0,2,0,3,1,"Avg",7,"Typ",1,"Avg","Attchd",1980,"Unf",2,612,"Avg","Avg","Y",384,131,0,0,NA,NA,NA,0,5,2006,"WD"
"119",119,"160","RM",24,1300,NA,"Reg","Lvl","Inside","Gtl","other","Norm","TwnhsE","2Story",6,6,1980,1980,"Gable","MetalSd","MetalSd","None",0,"Avg","Avg","CBlock","AboveAvg","Avg","No","ALQ",285,"Unf",0,276,561,"GasA","Avg","Y","SBrkr",561,668,0,1229,0,0,1,1,2,1,"Avg",5,"Typ",1,"Avg","Attchd",1980,"Fin",2,462,"Avg","Avg","Y",150,0,0,0,NA,"GdPrv",NA,0,5,2009,"WD"
"120",120,"20","RL",65,8450,NA,"Reg","Lvl","Inside","Gtl","CollgCr","Norm","1Fam","1Story",7,5,2003,2003,"Gable","VinylSd","VinylSd","None",0,"AboveAvg","Avg","PConc","AboveAvg","Avg","Mn","GLQ",699,"Unf",0,638,1337,"GasA","AboveAvg","Y","SBrkr",1337,0,0,1337,1,0,2,0,3,1,"AboveAvg",6,"Typ",0,NA,"Attchd",2003,"RFn",2,531,"Avg","Avg","Y",0,39,0,0,NA,NA,NA,0,10,2007,"WD"
"121",121,"60","RL",80,11316,NA,"Reg","Lvl","Corner","Gtl","Timber","Norm","1Fam","2Story",7,5,2002,2003,"Gable","VinylSd","VinylSd","BrkFace",44,"AboveAvg","Avg","PConc","AboveAvg","Avg","No","GLQ",624,"Unf",0,193,817,"GasA","AboveAvg","Y","SBrkr",824,1070,0,1894,1,0,2,1,4,1,"AboveAvg",8,"Typ",1,"AboveAvg","BuiltIn",2002,"Fin",2,510,"Avg","Avg","Y",0,40,0,0,NA,NA,NA,0,2,2010,"WD"
"122",122,"50","RL",130,9600,NA,"IR1","HLS","Inside","Gtl","Crawfor","Norm","1Fam","1.5Fin",5,7,1940,1950,"Gable","MetalSd","MetalSd","None",0,"AboveAvg","AboveAvg","BrkTil","Avg","BelowAvg","No","Rec",428,"Unf",0,300,728,"GasA","AboveAvg","Y","SBrkr",976,332,0,1308,1,0,1,1,2,1,"Avg",7,"Min2",2,"Avg","Detchd",1940,"Unf",1,256,"Avg","Avg","Y",0,70,0,0,NA,NA,NA,0,6,2009,"WD"
"123",123,"190","RL",75,10382,NA,"Reg","Lvl","Inside","Gtl","NAmes","Norm","2fmCon","SLvl",6,5,1958,1958,"Hip","HdBoard","HdBoard","BrkFace",105,"Avg","BelowAvg","CBlock","Avg","Avg","Gd","ALQ",513,"Unf",0,75,588,"GasA","Avg","Y","SBrkr",1095,0,0,1095,1,0,1,0,2,1,"Avg",6,"Typ",0,NA,"Attchd",1958,"RFn",1,264,"Avg","Avg","Y",0,0,0,0,NA,NA,NA,0,3,2006,"other"
"124",124,"160","RL",36,2268,NA,"Reg","Lvl","Inside","Gtl","NridgHt","Norm","Twnhs","2Story",7,5,2003,2004,"Gable","VinylSd","Wd Shng","Stone",106,"AboveAvg","Avg","PConc","AboveAvg","Avg","No","GLQ",567,"Unf",0,197,764,"GasA","AboveAvg","Y","SBrkr",764,862,0,1626,0,0,2,0,2,1,"AboveAvg",6,"Typ",0,NA,"BuiltIn",2003,"RFn",2,474,"Avg","Avg","Y",0,27,0,0,NA,NA,NA,0,7,2009,"WD"
"125",125,"50","RM",59,5310,NA,"Reg","Lvl","Corner","Gtl","OldTown","Feedr","1Fam","1.5Fin",6,8,1910,2003,"Hip","VinylSd","VinylSd","None",0,"Avg","AboveAvg","CBlock","Avg","BelowAvg","No","Unf",0,"Unf",0,485,485,"GasA","AboveAvg","Y","SBrkr",1001,634,0,1635,0,0,1,0,2,1,"AboveAvg",5,"Typ",0,NA,"Attchd",1950,"Unf",1,255,"BelowAvg","Avg","Y",394,0,0,0,NA,NA,NA,0,6,2006,"WD"
"126",126,"60","RL",82,9452,NA,"Reg","Lvl","Inside","Gtl","NoRidge","Norm","1Fam","2Story",8,5,1997,1998,"Gable","VinylSd","VinylSd","BrkFace",423,"AboveAvg","Avg","PConc","AboveAvg","Avg","No","GLQ",1074,"Unf",0,322,1396,"GasA","AboveAvg","Y","SBrkr",1407,985,0,2392,1,0,2,1,3,1,"AboveAvg",7,"Typ",1,"Avg","Attchd",1997,"Fin",3,870,"Avg","Avg","Y",0,70,0,0,NA,NA,NA,0,6,2006,"WD"
"127",127,"60","RL",80,9760,NA,"Reg","Lvl","Inside","Mod","NAmes","Norm","1Fam","2Story",6,8,1964,1993,"Hip","Wd Sdng","Wd Sdng","BrkFace",340,"Avg","Avg","CBlock","Avg","Avg","Gd","BLQ",536,"Rec",117,169,822,"GasA","AboveAvg","Y","SBrkr",1020,831,0,1851,0,0,2,1,3,1,"AboveAvg",7,"Typ",1,"BelowAvg","Attchd",1964,"RFn",2,440,"Avg","Avg","Y",239,42,0,0,NA,"MnWw",NA,0,7,2007,"WD"
"128",128,"80","RL",65,8385,NA,"Reg","Lvl","Inside","Gtl","CollgCr","Norm","1Fam","SLvl",5,8,1977,1977,"Gable","HdBoard","HdBoard","BrkFace",220,"AboveAvg","Avg","CBlock","AboveAvg","AboveAvg","Av","GLQ",595,"Unf",0,390,985,"GasA","Avg","Y","SBrkr",985,0,0,985,0,0,2,0,3,1,"Avg",6,"Typ",0,NA,"Attchd",1977,"Unf",1,328,"Avg","Avg","Y",210,0,0,0,NA,NA,NA,0,11,2008,"WD"
"129",129,"70","RL",55,10592,NA,"Reg","Lvl","Inside","Gtl","Crawfor","Norm","1Fam","2Story",6,7,1923,1996,"Hip","Wd Sdng","Wd Sdng","None",0,"Avg","AboveAvg","PConc","Avg","BelowAvg","No","Unf",0,"Unf",0,602,602,"GasA","Avg","Y","SBrkr",900,602,0,1502,0,0,1,1,3,1,"AboveAvg",7,"Typ",2,"Avg","Detchd",1923,"Unf",1,180,"Avg","Avg","Y",96,0,165,0,NA,NA,NA,0,8,2007,"WD"
"130",130,"80","RL",NA,10784,NA,"IR1","Lvl","other","Gtl","Gilbert","Norm","1Fam","SLvl",7,5,1991,1992,"Gable","HdBoard","HdBoard","BrkFace",76,"AboveAvg","Avg","PConc","AboveAvg","Avg","No","Unf",0,"Unf",0,384,384,"GasA","AboveAvg","Y","SBrkr",802,670,0,1472,0,0,2,1,3,1,"AboveAvg",7,"Typ",1,"Avg","Attchd",1991,"RFn",2,402,"Avg","Avg","Y",164,0,0,0,NA,NA,NA,0,5,2007,"WD"
"131",131,"50","RL",79,9492,NA,"Reg","Lvl","Inside","Gtl","NAmes","Artery","1Fam","1.5Fin",5,5,1941,1950,"Gable","other","Wd Shng","None",0,"Avg","Avg","CBlock","Avg","Avg","No","Rec",368,"BLQ",41,359,768,"GasA","Avg","Y","SBrkr",968,408,0,1376,1,0,1,0,3,1,"Avg",6,"Typ",1,"AboveAvg","Attchd",1941,"Unf",1,240,"Avg","Avg","Y",0,0,0,0,NA,NA,NA,0,4,2007,"WD"
"132",132,"30","RL",50,6305,NA,"Reg","Bnk","Inside","Gtl","Crawfor","Norm","1Fam","1Story",5,7,1938,1950,"Gable","MetalSd","MetalSd","None",0,"Avg","AboveAvg","PConc","BelowAvg","BelowAvg","No","Unf",0,"Unf",0,920,920,"GasA","AboveAvg","Y","SBrkr",954,0,0,954,0,0,1,0,2,1,"BelowAvg",5,"Typ",1,"AboveAvg","Basment",1938,"Unf",1,240,"BelowAvg","Avg","Y",0,0,0,0,NA,"MnPrv",NA,0,6,2007,"WD"
"133",133,"120","RL",43,7052,NA,"IR1","Lvl","Inside","Gtl","NridgHt","Norm","TwnhsE","1Story",7,5,2005,2005,"Gable","VinylSd","VinylSd","Stone",240,"AboveAvg","Avg","PConc","AboveAvg","Avg","Av","GLQ",659,"Unf",0,705,1364,"GasA","AboveAvg","Y","SBrkr",1364,0,0,1364,1,0,2,0,2,1,"AboveAvg",6,"Typ",1,"AboveAvg","Attchd",2005,"RFn",2,484,"Avg","Avg","Y",192,36,0,0,NA,NA,NA,0,6,2006,"WD"
"134",134,"45","RL",60,9600,NA,"Reg","Lvl","Inside","Gtl","NAmes","Norm","1Fam","1.5Unf",5,7,1949,2003,"Gable","MetalSd","MetalSd","None",0,"Avg","Avg","CBlock","Avg","Avg","No","ALQ",220,"Unf",0,625,845,"GasA","Avg","Y","SBrkr",893,0,0,893,0,1,1,0,2,1,"AboveAvg",4,"Typ",0,NA,"Detchd",1985,"Unf",2,576,"Avg","Avg","Y",0,0,0,0,NA,NA,NA,0,5,2007,"WD"
"135",135,"70","RL",75,13125,NA,"Reg","Lvl","Inside","Gtl","Crawfor","Norm","1Fam","2Story",7,6,1940,1984,"Gable","Wd Sdng","Wd Sdng","None",0,"Avg","Avg","CBlock","Avg","Avg","No","BLQ",410,"Unf",0,390,800,"GasA","Avg","Y","SBrkr",960,780,0,1740,0,0,1,1,3,1,"Avg",6,"Typ",2,"AboveAvg","Attchd",1940,"Unf",1,240,"Avg","Avg","Y",0,0,0,0,NA,NA,NA,0,7,2007,"other"
"136",136,"60","RL",98,12256,NA,"IR1","Lvl","Corner","Gtl","NoRidge","Norm","1Fam","2Story",8,5,1994,1995,"Gable","HdBoard","HdBoard","BrkFace",362,"AboveAvg","Avg","PConc","AboveAvg","Avg","Av","GLQ",1032,"Unf",0,431,1463,"GasA","AboveAvg","Y","SBrkr",1500,1122,0,2622,1,0,2,1,3,1,"AboveAvg",9,"Typ",2,"Avg","Attchd",1994,"RFn",2,712,"Avg","Avg","Y",186,32,0,0,NA,NA,NA,0,4,2010,"WD"
"137",137,"20","RL",90,5400,NA,"Reg","Lvl","Inside","Gtl","OldTown","Norm","1Fam","1Story",5,7,1954,2000,"Gable","MetalSd","MetalSd","None",0,"Avg","AboveAvg","CBlock","Avg","Avg","No","Rec",415,"Unf",0,418,833,"GasA","AboveAvg","Y","SBrkr",833,0,0,833,0,0,1,0,2,1,"AboveAvg",4,"Typ",0,NA,"Detchd",1955,"Unf",1,326,"Avg","Avg","Y",0,0,0,0,NA,"MnPrv",NA,0,8,2006,"WD"
"138",138,"60","RL",59,11796,NA,"IR1","Lvl","Inside","Gtl","Gilbert","Norm","1Fam","2Story",7,5,2004,2005,"Gable","VinylSd","VinylSd","None",0,"AboveAvg","Avg","PConc","AboveAvg","Avg","Av","Unf",0,"Unf",0,847,847,"GasA","AboveAvg","Y","SBrkr",847,1112,0,1959,0,0,2,1,4,1,"AboveAvg",8,"Typ",1,"AboveAvg","BuiltIn",2004,"Fin",2,434,"Avg","Avg","Y",100,48,0,0,NA,NA,NA,0,7,2007,"WD"
"139",139,"50","RL",65,7804,NA,"Reg","Lvl","Inside","Gtl","other","Norm","1Fam","1.5Fin",4,3,1928,1950,"Gable","other","Plywood","None",0,"Avg","Avg","BrkTil","Avg","Avg","No","BLQ",622,"Unf",0,500,1122,"GasA","Avg","Y","SBrkr",1328,653,0,1981,1,0,2,0,4,1,"AboveAvg",7,"Min2",2,"Avg","Detchd",1981,"Unf",2,576,"Avg","Avg","Y",431,44,0,0,NA,"MnPrv",NA,0,12,2009,"WD"
"140",140,"20","RL",NA,11200,NA,"Reg","Lvl","Inside","Gtl","SawyerW","Norm","1Fam","1Story",6,5,1985,1985,"Gable","Wd Sdng","Wd Shng","BrkFace",85,"AboveAvg","Avg","CBlock","AboveAvg","Avg","No","GLQ",1258,"Unf",0,40,1298,"GasA","Avg","Y","SBrkr",1298,0,0,1298,1,0,2,0,3,1,"AboveAvg",5,"Typ",1,"Avg","Attchd",1985,"Unf",2,403,"Avg","Avg","Y",165,26,0,0,NA,NA,NA,0,5,2006,"WD"
"141",141,"70","RL",75,12000,NA,"Reg","Bnk","Inside","Gtl","Crawfor","Norm","1Fam","2Story",7,7,1941,1950,"Gable","MetalSd","MetalSd","None",0,"Avg","Avg","CBlock","Avg","Avg","No","Rec",275,"Unf",0,429,704,"GasA","AboveAvg","Y","SBrkr",860,704,0,1564,0,0,1,1,3,1,"BelowAvg",7,"Typ",1,"AboveAvg","Attchd",1941,"Unf",1,234,"Avg","Avg","Y",0,0,0,0,NA,NA,NA,0,7,2009,"WD"
"142",142,"70","RM",50,9000,NA,"Reg","Lvl","Inside","Gtl","OldTown","Artery","1Fam","2Story",7,9,1920,1988,"Hip","VinylSd","VinylSd","None",0,"Avg","AboveAvg","PConc","Avg","Avg","No","ALQ",624,"Unf",0,26,650,"GasA","AboveAvg","Y","SBrkr",832,650,0,1482,0,1,1,0,3,1,"Avg",7,"Typ",0,NA,"Detchd",1930,"Unf",2,324,"Avg","Avg","Y",0,0,0,0,NA,NA,NA,0,7,2009,"WD"
"143",143,"20","RL",76,9120,NA,"Reg","Lvl","Inside","Gtl","NAmes","Norm","1Fam","1Story",6,6,1958,1958,"Hip","MetalSd","MetalSd","None",0,"Avg","Avg","CBlock","Avg","Avg","No","ALQ",662,"Unf",0,599,1261,"GasA","AboveAvg","Y","SBrkr",1261,0,0,1261,1,0,1,0,3,1,"Avg",6,"Typ",1,"Avg","Attchd",1958,"RFn",2,433,"Avg","Avg","Y",0,0,288,0,NA,NA,"Shed",1400,11,2008,"WD"
"144",144,"120","RM",NA,4500,NA,"Reg","Lvl","other","Gtl","Mitchel","Norm","TwnhsE","1Story",6,5,1999,1999,"Hip","VinylSd","VinylSd","BrkFace",425,"Avg","Avg","PConc","AboveAvg","Avg","No","GLQ",883,"Unf",0,341,1224,"GasA","AboveAvg","Y","SBrkr",1224,0,0,1224,1,0,2,0,2,1,"Avg",5,"Typ",0,NA,"Attchd",1999,"Fin",2,402,"Avg","Avg","Y",0,304,0,0,NA,NA,NA,0,6,2009,"WD"
"145",145,"60","RL",51,8029,NA,"IR1","Lvl","Inside","Gtl","Gilbert","Norm","1Fam","2Story",6,5,2005,2005,"Gable","VinylSd","VinylSd","None",0,"Avg","Avg","PConc","AboveAvg","Avg","No","Unf",0,"Unf",0,728,728,"GasA","AboveAvg","Y","SBrkr",728,728,0,1456,0,0,2,1,3,1,"AboveAvg",8,"Typ",0,NA,"Attchd",2005,"Fin",2,400,"Avg","Avg","Y",100,24,0,0,NA,NA,NA,0,7,2008,"WD"
"146",146,"75","RM",65,8850,NA,"IR1","Bnk","Corner","Gtl","OldTown","Norm","1Fam","2.5Unf",7,6,1916,1950,"Gable","MetalSd","MetalSd","None",0,"Avg","Avg","BrkTil","Avg","Avg","No","Unf",0,"Unf",0,815,815,"GasA","AboveAvg","Y","SBrkr",815,875,0,1690,0,0,1,0,3,1,"Avg",7,"Typ",1,"AboveAvg","Detchd",1916,"Unf",1,225,"Avg","Avg","Y",0,0,330,0,NA,NA,NA,0,7,2006,"other"
"147",147,"50","RL",78,10496,NA,"Reg","Lvl","Inside","Gtl","NAmes","Artery","1Fam","1.5Fin",6,6,1949,1950,"Gable","Wd Sdng","Wd Sdng","BrkFace",320,"Avg","Avg","CBlock","Avg","Avg","Mn","Rec",196,"Unf",0,844,1040,"GasA","AboveAvg","Y","SBrkr",1168,678,0,1846,0,0,2,0,3,1,"Avg",7,"Typ",1,"AboveAvg","Attchd",1949,"Unf",1,315,"Avg","Avg","Y",0,0,0,0,NA,"GdWo",NA,0,1,2007,"WD"
"148",148,"70","RL",96,13132,NA,"Reg","Lvl","Inside","Gtl","Crawfor","Norm","1Fam","2Story",5,5,1914,1950,"Gable","Wd Sdng","Wd Sdng","None",0,"Avg","Avg","BrkTil","AboveAvg","Avg","Mn","Unf",0,"Unf",0,747,747,"GasA","AboveAvg","Y","FuseF",892,892,0,1784,0,0,1,1,4,1,"Avg",9,"Typ",0,NA,"Detchd",1914,"Unf",1,180,"BelowAvg","BelowAvg","N",203,40,0,0,NA,NA,NA,0,7,2006,"WD"
"149",149,"60","RL",60,6931,NA,"Reg","Lvl","Inside","Gtl","Edwards","Norm","1Fam","2Story",7,5,2003,2004,"Gable","VinylSd","VinylSd","Stone",92,"AboveAvg","Avg","PConc","AboveAvg","Avg","No","Unf",0,"Unf",0,746,746,"GasA","AboveAvg","Y","SBrkr",760,896,0,1656,0,0,2,1,3,1,"AboveAvg",7,"Typ",1,"AboveAvg","BuiltIn",2003,"Fin",2,397,"Avg","Avg","Y",178,128,0,0,NA,NA,NA,0,7,2008,"WD"
"150",150,"20","RL",91,14303,NA,"IR1","Lvl","Corner","Gtl","NoRidge","Norm","1Fam","1Story",8,5,1994,1994,"Hip","HdBoard","HdBoard","BrkFace",554,"AboveAvg","Avg","PConc","AboveAvg","Avg","Gd","GLQ",1314,"Unf",0,672,1986,"GasA","AboveAvg","Y","SBrkr",1987,0,0,1987,1,0,2,0,2,1,"AboveAvg",7,"Typ",1,"Avg","Attchd",1994,"Fin",2,691,"Avg","Avg","Y",262,36,0,0,NA,NA,NA,0,8,2008,"WD"
"151",151,"30","RL",56,4060,NA,"Reg","Lvl","Corner","Gtl","Edwards","Feedr","1Fam","1Story",5,8,1922,1950,"Gable","Wd Sdng","Wd Sdng","None",0,"Avg","Avg","PConc","BelowAvg","Avg","No","Unf",0,"Unf",0,864,864,"GasA","AboveAvg","Y","SBrkr",864,0,0,864,0,0,1,0,2,1,"Avg",4,"Typ",0,NA,NA,NA,NA,0,0,NA,NA,"Y",0,96,0,0,NA,NA,NA,0,7,2009,"WD"
"152",152,"20","RL",65,9750,NA,"Reg","Lvl","other","Gtl","NAmes","Norm","1Fam","1Story",6,8,1969,1969,"Gable","HdBoard","HdBoard","None",0,"Avg","Avg","CBlock","AboveAvg","Avg","No","ALQ",602,"LwQ",438,14,1054,"GasA","AboveAvg","Y","SBrkr",1054,0,0,1054,1,0,1,1,3,1,"Avg",6,"Typ",0,NA,"Attchd",1969,"Unf",2,460,"Avg","Avg","Y",180,0,80,0,NA,NA,NA,0,7,2008,"WD"
"153",153,"190","RM",60,10120,NA,"IR1","Bnk","Inside","Gtl","OldTown","Feedr","2fmCon","2.5Unf",7,4,1910,1950,"Hip","Wd Sdng","Wd Sdng","None",0,"BelowAvg","Avg","CBlock","Avg","Avg","No","Unf",0,"Unf",0,925,925,"GasA","Avg","N","FuseF",964,925,0,1889,0,0,1,1,4,2,"Avg",9,"Typ",1,"AboveAvg","Detchd",1960,"Unf",1,308,"Avg","Avg","N",0,0,264,0,NA,"MnPrv",NA,0,1,2007,"WD"
"154",154,"20","RL",NA,13526,NA,"IR1","Lvl","CulDSac","Gtl","Sawyer","Norm","1Fam","1Story",5,6,1965,1965,"Hip","HdBoard","Plywood","BrkFace",114,"Avg","Avg","CBlock","Avg","Avg","No","BLQ",560,"LwQ",375,0,935,"GasA","Avg","Y","SBrkr",935,0,0,935,1,0,1,0,3,1,"Avg",5,"Typ",0,NA,"Attchd",1965,"Unf",1,288,"Avg","Avg","Y",180,0,0,0,NA,"MnPrv",NA,0,11,2006,"WD"
"155",155,"50","RL",53,5362,NA,"Reg","Lvl","Corner","Gtl","Crawfor","Norm","1Fam","1.5Fin",5,6,1910,2003,"Gable","Wd Sdng","Wd Shng","None",0,"Avg","Avg","PConc","Avg","Avg","No","Unf",0,"Unf",0,661,661,"GasA","AboveAvg","Y","SBrkr",661,589,0,1250,0,0,2,0,3,1,"Avg",8,"Typ",1,"AboveAvg","Detchd",1985,"Unf",2,552,"Avg","Avg","Y",242,0,81,0,NA,NA,NA,0,11,2007,"WD"
"156",156,"20","RL",50,8049,NA,"IR1","Lvl","CulDSac","Gtl","Timber","Norm","1Fam","1Story",7,5,1990,1990,"Hip","HdBoard","HdBoard","BrkFace",54,"Avg","Avg","CBlock","AboveAvg","Avg","No","ALQ",1053,"Unf",0,256,1309,"GasA","Avg","Y","SBrkr",1339,0,0,1339,1,0,2,0,2,1,"Avg",6,"Typ",1,"Avg","Attchd",1990,"Fin",2,484,"AboveAvg","AboveAvg","Y",0,58,90,0,NA,NA,NA,0,7,2006,"WD"
"157",157,"20","RL",61,8800,NA,"IR1","Lvl","Inside","Gtl","CollgCr","Norm","1Fam","1Story",5,7,1977,2008,"Gable","HdBoard","HdBoard","None",0,"Avg","Avg","CBlock","AboveAvg","Avg","Mn","LwQ",532,"Rec",144,364,1040,"GasA","Avg","Y","SBrkr",1040,0,0,1040,0,0,2,0,3,1,"AboveAvg",5,"Typ",0,NA,"Detchd",1977,"Unf",2,484,"Avg","Avg","Y",0,0,288,0,NA,NA,NA,0,9,2009,"WD"
"158",158,"50","RM",50,6000,NA,"Reg","Lvl","Inside","Gtl","BrkSide","Norm","1Fam","1.5Fin",6,6,1939,1950,"Gable","MetalSd","MetalSd","None",0,"Avg","BelowAvg","CBlock","Avg","Avg","No","Unf",0,"Unf",0,780,780,"GasA","AboveAvg","Y","FuseF",825,587,0,1412,0,0,1,0,4,1,"Avg",6,"Typ",1,"AboveAvg","Detchd",1939,"Unf",1,280,"Avg","Avg","Y",45,0,0,0,NA,NA,NA,0,5,2009,"WD"
"159",159,"20","RL",80,8700,NA,"Reg","Lvl","Inside","Gtl","NAmes","Norm","1Fam","1Story",5,6,1963,1963,"Hip","MetalSd","MetalSd","BrkFace",148,"Avg","AboveAvg","CBlock","Avg","Avg","Mn","ALQ",776,"Unf",0,344,1120,"GasA","AboveAvg","Y","SBrkr",1128,0,0,1128,1,0,2,0,3,1,"Avg",6,"Typ",0,NA,"Attchd",1963,"RFn",2,525,"Avg","Avg","Y",192,20,123,0,NA,"MnPrv",NA,0,12,2008,"WD"
"160",160,"20","RM",100,12000,NA,"Reg","Lvl","Inside","Gtl","OldTown","Norm","1Fam","1Story",5,7,1948,2005,"Gable","MetalSd","MetalSd","None",0,"Avg","Avg","CBlock","Avg","Avg","No","GLQ",144,"ALQ",608,172,924,"GasA","AboveAvg","Y","SBrkr",1122,0,0,1122,1,0,1,0,2,1,"AboveAvg",6,"Typ",0,NA,"Attchd",1948,"Unf",2,528,"Avg","Avg","Y",0,36,0,0,NA,"GdWo",NA,0,5,2008,"WD"
"161",161,"30","RM",40,3636,NA,"Reg","Lvl","Inside","Gtl","IDOTRR","Norm","1Fam","1Story",4,4,1922,1950,"Gable","other","other","None",0,"Avg","Avg","BrkTil","Avg","BelowAvg","No","Unf",0,"Unf",0,796,796,"GasA","BelowAvg","N","SBrkr",796,0,0,796,0,0,1,0,2,1,"Avg",5,"Typ",0,NA,NA,NA,NA,0,0,NA,NA,"N",0,0,100,0,NA,"MnPrv",NA,0,1,2008,"WD"
"162",162,"160","RM",24,2368,NA,"Reg","Lvl","Inside","Gtl","other","Norm","TwnhsE","2Story",5,6,1970,1970,"Gable","HdBoard","HdBoard","None",312,"Avg","Avg","CBlock","Avg","Avg","No","LwQ",765,"Unf",0,0,765,"GasA","Avg","Y","SBrkr",765,600,0,1365,0,0,1,1,3,1,"Avg",7,"Min1",0,NA,"Attchd",1970,"Unf",2,440,"Avg","Avg","Y",0,36,0,0,NA,NA,NA,0,5,2009,"WD"
"163",163,"60","RL",95,13450,NA,"IR1","Lvl","Corner","Gtl","CollgCr","Norm","1Fam","2Story",7,5,2002,2002,"Gable","VinylSd","VinylSd","None",0,"AboveAvg","Avg","PConc","AboveAvg","Avg","No","GLQ",700,"Unf",0,216,916,"GasA","AboveAvg","Y","SBrkr",920,941,0,1861,1,0,2,1,3,1,"AboveAvg",8,"Typ",0,NA,"BuiltIn",2002,"RFn",2,492,"Avg","Avg","Y",146,91,0,0,NA,NA,NA,0,6,2006,"WD"
"164",164,"20","RL",NA,20781,NA,"IR2","Lvl","CulDSac","Gtl","NWAmes","PosN","1Fam","1Story",7,7,1968,2003,"Hip","BrkFace","HdBoard","None",0,"Avg","Avg","CBlock","Avg","Avg","No","BLQ",297,"Rec",68,1203,1568,"GasA","Avg","Y","SBrkr",2156,0,0,2156,0,0,2,0,3,1,"Avg",9,"Typ",1,"AboveAvg","Attchd",1968,"RFn",2,508,"AboveAvg","Avg","Y",0,80,290,0,NA,NA,NA,0,6,2006,"WD"
"165",165,"70","RM",50,5250,"Pave","Reg","Lvl","Inside","Gtl","OldTown","Norm","1Fam","2Story",8,5,1872,1987,"Gable","MetalSd","MetalSd","None",0,"Avg","AboveAvg","BrkTil","Avg","BelowAvg","No","LwQ",259,"Unf",0,425,684,"other","BelowAvg","N","SBrkr",938,1215,205,2358,0,0,2,0,4,1,"Avg",8,"Typ",0,NA,NA,NA,NA,0,0,NA,NA,"Y",0,54,20,0,NA,NA,NA,0,12,2008,"WD"
"166",166,"70","RL",51,9842,NA,"Reg","Lvl","Inside","Gtl","other","Feedr","1Fam","2Story",5,6,1921,1998,"Gable","MetalSd","Wd Sdng","None",0,"Avg","Avg","BrkTil","Avg","BelowAvg","No","Unf",0,"Unf",0,612,612,"GasA","AboveAvg","Y","SBrkr",990,1611,0,2601,0,0,3,1,4,1,"Avg",8,"Typ",0,NA,"BuiltIn",1998,"RFn",2,621,"Avg","Avg","Y",183,0,301,0,NA,NA,NA,0,5,2008,"WD"
"167",167,"50","RL",60,10998,"Grvl","Reg","Lvl","Inside","Gtl","Edwards","Norm","1Fam","1.5Fin",5,5,1941,1960,"Gable","Wd Sdng","Wd Sdng","None",0,"Avg","Avg","CBlock","Avg","Avg","No","LwQ",408,"BLQ",420,156,984,"GasA","AboveAvg","Y","SBrkr",984,620,0,1604,0,0,2,0,3,1,"Avg",6,"Min2",0,NA,"Detchd",1977,"Unf",2,660,"Avg","Avg","Y",0,68,0,0,NA,NA,NA,0,7,2009,"WD"
"168",168,"70","RM",60,7200,NA,"Reg","Lvl","Corner","Gtl","OldTown","Norm","1Fam","2Story",7,7,1920,1950,"Hip","Wd Sdng","Wd Sdng","None",0,"Avg","Avg","BrkTil","BelowAvg","Avg","No","Unf",0,"Unf",0,596,596,"GasA","AboveAvg","Y","SBrkr",998,764,0,1762,1,0,1,1,4,1,"AboveAvg",8,"Typ",0,NA,"Detchd",1989,"Unf",2,576,"Avg","Avg","N",36,0,221,0,NA,NA,NA,0,10,2006,"WD"
"169",169,"60","RL",80,16692,NA,"IR1","Lvl","Inside","Gtl","NWAmes","RR","1Fam","2Story",7,5,1978,1978,"Gable","Plywood","Plywood","BrkFace",184,"Avg","Avg","CBlock","AboveAvg","Avg","No","BLQ",790,"LwQ",469,133,1392,"GasA","Avg","Y","SBrkr",1392,1392,0,2784,1,0,3,1,5,1,"AboveAvg",12,"Typ",2,"Avg","Attchd",1978,"RFn",2,564,"Avg","Avg","Y",0,112,440,519,"Fa","MnPrv","TenC",2000,7,2006,"WD"
"170",170,"50","RM",60,6000,NA,"Reg","Lvl","Inside","Gtl","BrkSide","Norm","1Fam","1.5Fin",6,6,1941,1950,"Gable","Wd Sdng","Wd Sdng","None",0,"Avg","AboveAvg","BrkTil","Avg","AboveAvg","No","ALQ",375,"Unf",0,360,735,"GasA","AboveAvg","Y","SBrkr",869,349,0,1218,0,1,1,0,3,1,"Avg",6,"Typ",1,"AboveAvg","Detchd",2003,"Unf",2,440,"Avg","Avg","Y",0,0,0,0,NA,NA,NA,0,3,2007,"WD"
"171",171,"60","RL",88,12665,NA,"IR1","Lvl","Inside","Gtl","Timber","Norm","1Fam","2Story",8,5,2005,2006,"Hip","VinylSd","VinylSd","BrkFace",245,"AboveAvg","Avg","PConc","AboveAvg","AboveAvg","Gd","Unf",0,"Unf",0,1094,1094,"GasA","AboveAvg","Y","SBrkr",1133,1349,0,2482,0,0,2,1,4,1,"AboveAvg",9,"Typ",1,"AboveAvg","BuiltIn",2005,"Fin",3,642,"Avg","Avg","Y",144,39,0,0,NA,NA,NA,0,2,2007,"WD"
"172",172,"20","RL",49,15256,NA,"IR1","Lvl","CulDSac","Gtl","Somerst","RR","1Fam","1Story",8,5,2007,2007,"Gable","VinylSd","VinylSd","Stone",84,"AboveAvg","Avg","PConc","AboveAvg","Avg","Gd","GLQ",929,"Unf",0,556,1485,"GasA","AboveAvg","Y","SBrkr",1464,0,0,1464,1,0,2,0,3,1,"AboveAvg",6,"Typ",0,NA,"Attchd",2007,"Unf",3,754,"Avg","Avg","Y",168,160,0,0,NA,NA,NA,0,8,2007,"WD"
"173",173,"20","RL",80,10721,NA,"IR1","Lvl","Inside","Gtl","NAmes","Norm","1Fam","1Story",6,6,1959,1959,"Hip","HdBoard","HdBoard","Stone",243,"AboveAvg","Avg","CBlock","Avg","Avg","No","Unf",0,"Unf",0,1252,1252,"GasA","AboveAvg","Y","SBrkr",1252,0,0,1252,0,0,1,0,3,1,"AboveAvg",7,"Typ",0,NA,"Detchd",1960,"Unf",2,528,"Avg","Avg","Y",0,39,0,0,NA,NA,NA,0,10,2008,"WD"
"174",174,"30","RL",NA,8854,NA,"Reg","Lvl","Inside","Gtl","BrkSide","Norm","1Fam","1.5Unf",6,6,1916,1950,"Gable","Wd Sdng","Wd Sdng","None",0,"Avg","Avg","BrkTil","Avg","Avg","No","Unf",0,"Unf",0,952,952,"other","BelowAvg","N","FuseF",952,0,0,952,0,0,1,0,2,1,"BelowAvg",4,"Typ",1,"AboveAvg","Detchd",1916,"Unf",1,192,"BelowAvg","BelowAvg","P",0,98,40,0,NA,NA,NA,0,5,2009,"WD"
"175",175,"85","RL",70,8400,NA,"Reg","Lvl","Inside","Gtl","Sawyer","Norm","1Fam","SFoyer",6,5,1966,1966,"Gable","VinylSd","VinylSd","None",0,"Avg","Avg","CBlock","Avg","Avg","Gd","LwQ",187,"Rec",627,0,814,"GasA","AboveAvg","Y","SBrkr",913,0,0,913,1,0,1,0,3,1,"Avg",6,"Typ",0,NA,"Detchd",1990,"Unf",1,240,"Avg","Avg","Y",0,0,252,0,NA,NA,NA,0,5,2007,"WD"
"176",176,"60","RL",80,10000,NA,"Reg","Lvl","Inside","Gtl","CollgCr","Norm","1Fam","2Story",8,5,1995,1996,"Gable","VinylSd","VinylSd","BrkFace",438,"AboveAvg","Avg","PConc","AboveAvg","Avg","No","GLQ",1079,"Unf",0,141,1220,"GasA","AboveAvg","Y","SBrkr",1220,870,0,2090,1,0,2,1,3,1,"AboveAvg",8,"Typ",1,"Avg","Attchd",1995,"RFn",2,556,"Avg","Avg","Y",0,65,0,0,NA,NA,NA,0,12,2007,"WD"
"177",177,"20","RL",85,13175,NA,"Reg","Lvl","Inside","Gtl","NWAmes","Norm","1Fam","1Story",6,6,1978,1988,"Gable","Plywood","Plywood","Stone",119,"Avg","Avg","CBlock","AboveAvg","Avg","No","ALQ",790,"Rec",163,589,1542,"GasA","Avg","Y","SBrkr",2073,0,0,2073,1,0,2,0,3,1,"Avg",7,"Min1",2,"Avg","Attchd",1978,"Unf",2,500,"Avg","Avg","Y",349,0,0,0,NA,"MnPrv",NA,0,2,2010,"WD"
"178",178,"70","RL",66,9042,NA,"Reg","Lvl","Inside","Gtl","Crawfor","Norm","1Fam","2Story",7,9,1941,2006,"Gable","CemntBd","CmentBd","None",0,"AboveAvg","AboveAvg","other","Avg","AboveAvg","No","GLQ",275,"Unf",0,877,1152,"GasA","AboveAvg","Y","SBrkr",1188,1152,0,2340,0,0,2,0,4,1,"AboveAvg",9,"Typ",2,"AboveAvg","Attchd",1941,"RFn",1,252,"Avg","Avg","Y",0,60,0,0,NA,"GdPrv","Shed",2500,5,2010,"WD"
"179",179,"20","RL",68,9717,NA,"Reg","Lvl","Inside","Gtl","NAmes","Norm","1Fam","1Story",5,6,1950,1996,"Hip","MetalSd","MetalSd","None",0,"Avg","Avg","CBlock","Avg","Avg","Mn","GLQ",49,"Rec",1029,0,1078,"GasA","AboveAvg","Y","FuseA",1078,0,0,1078,1,0,1,0,2,1,"AboveAvg",5,"Typ",0,NA,"Attchd",1950,"Unf",1,240,"Avg","Avg","Y",366,0,112,0,NA,NA,NA,0,4,2010,"WD"
